"id_credito","sector","monto","antiguedad","lgd","colateral"
"CR-00001","servicios",225.1,1.9,0.2435,"prendario"
"CR-00002","servicios",112.2,3.8,0,"sin_colateral"
"CR-00003","comercio",158.3,3.8,0.2715,"prendario"
"CR-00004","comercio",41.3,21.6,0,"prendario"
"CR-00005","servicios",127.7,5.7,0,"prendario"
"CR-00006","comercio",33.2,12.2,0.2955,"sin_colateral"
"CR-00007","manufactura",92.2,2,0,"prendario"
"CR-00008","construccion",60,12.1,0.6745,"hipotecario"
"CR-00009","comercio",36.3,3.2,1,"prendario"
"CR-00010","servicios",75.7,4.9,0,"hipotecario"
"CR-00011","comercio",108.3,4.7,0.5353,"prendario"
"CR-00012","servicios",90.5,4.5,0.3772,"sin_colateral"
"CR-00013","comercio",22.5,5,0.2997,"sin_colateral"
"CR-00014","construccion",15.2,2,1,"sin_colateral"
"CR-00015","comercio",46,0.7,0.4781,"sin_colateral"
"CR-00016","manufactura",20.6,4.9,1,"hipotecario"
"CR-00017","manufactura",55,3.4,0,"prendario"
"CR-00018","comercio",53.8,9.4,0,"prendario"
"CR-00019","manufactura",36.6,5.9,0.4369,"prendario"
"CR-00020","comercio",14.2,5.7,0,"prendario"
"CR-00021","manufactura",38,5.5,0.4789,"hipotecario"
"CR-00022","manufactura",38.7,1.5,0,"hipotecario"
"CR-00023","comercio",14.5,2.5,0.3901,"sin_colateral"
"CR-00024","comercio",88,2,0,"sin_colateral"
"CR-00025","manufactura",47.8,7.9,0,"sin_colateral"
"CR-00026","comercio",57.1,5.3,0,"prendario"
"CR-00027","manufactura",88.1,16.4,0,"hipotecario"
"CR-00028","comercio",138.2,2.7,1,"prendario"
"CR-00029","comercio",19.2,6.3,0,"prendario"
"CR-00030","servicios",351.5,2.5,0,"sin_colateral"
"CR-00031","agro",31.8,13.8,0,"prendario"
"CR-00032","comercio",58.7,2.4,0.6398,"hipotecario"
"CR-00033","servicios",84.5,2.2,0,"prendario"
"CR-00034","comercio",37.3,3.6,0,"sin_colateral"
"CR-00035","servicios",134.2,10.8,0,"prendario"
"CR-00036","manufactura",42.2,18.5,1,"sin_colateral"
"CR-00037","comercio",46.2,5.9,0,"hipotecario"
"CR-00038","manufactura",376.4,3.8,0.3479,"sin_colateral"
"CR-00039","construccion",56.6,5.9,0,"hipotecario"
"CR-00040","manufactura",77.7,16.1,0,"prendario"
"CR-00041","manufactura",9.9,8.1,0.1778,"prendario"
"CR-00042","construccion",61.4,4.1,0,"sin_colateral"
"CR-00043","manufactura",55.3,1.5,0.2542,"sin_colateral"
"CR-00044","manufactura",16.3,8.2,0,"sin_colateral"
"CR-00045","comercio",44.9,9.4,1,"prendario"
"CR-00046","comercio",26.4,8.9,0,"prendario"
"CR-00047","agro",26.3,14.3,0,"hipotecario"
"CR-00048","comercio",51.4,9,0.5712,"sin_colateral"
"CR-00049","manufactura",58.7,5.5,0,"prendario"
"CR-00050","comercio",66,7.2,0.4281,"sin_colateral"
"CR-00051","agro",160,4.8,0,"prendario"
"CR-00052","servicios",35.9,6.8,0,"hipotecario"
"CR-00053","agro",54.7,1.8,1,"prendario"
"CR-00054","construccion",65.4,13.5,1,"hipotecario"
"CR-00055","manufactura",103.1,1.5,0,"prendario"
"CR-00056","servicios",21.9,5,0,"hipotecario"
"CR-00057","servicios",56.7,5.3,0,"prendario"
"CR-00058","comercio",61.7,3.2,0,"prendario"
"CR-00059","agro",19.4,1.4,0,"sin_colateral"
"CR-00060","comercio",18.8,13.1,0,"prendario"
"CR-00061","comercio",149.4,10,0.4269,"prendario"
"CR-00062","construccion",100.5,3.8,0.724,"sin_colateral"
"CR-00063","servicios",33.1,14.2,0,"prendario"
"CR-00064","manufactura",66.8,3.4,0,"hipotecario"
"CR-00065","manufactura",48.6,9.6,0,"hipotecario"
"CR-00066","comercio",29.4,6.3,0,"hipotecario"
"CR-00067","servicios",106.2,10.4,0.3866,"prendario"
"CR-00068","manufactura",31.9,3.2,1,"prendario"
"CR-00069","servicios",61.1,4.2,0.3062,"prendario"
"CR-00070","servicios",87.2,11,1,"sin_colateral"
"CR-00071","construccion",138.1,2.6,0.5214,"sin_colateral"
"CR-00072","manufactura",32.1,6.2,0,"prendario"
"CR-00073","servicios",159.2,5.2,0,"hipotecario"
"CR-00074","construccion",292.1,4.2,0.6351,"sin_colateral"
"CR-00075","comercio",60.2,10.9,0,"sin_colateral"
"CR-00076","servicios",27.7,1.8,0.2493,"hipotecario"
"CR-00077","servicios",29.4,11,0,"prendario"
"CR-00078","manufactura",35.1,3.7,0,"sin_colateral"
"CR-00079","comercio",82.6,3.5,0.3167,"prendario"
"CR-00080","construccion",164.3,15.4,1,"hipotecario"
"CR-00081","comercio",55.6,4.4,0,"sin_colateral"
"CR-00082","agro",27.5,6.3,0,"hipotecario"
"CR-00083","construccion",36.2,2.9,0,"hipotecario"
"CR-00084","agro",137,15.1,0,"hipotecario"
"CR-00085","comercio",17.1,11.3,0,"prendario"
"CR-00086","agro",53.2,3.1,1,"prendario"
"CR-00087","servicios",33.6,7.4,0,"prendario"
"CR-00088","agro",109.1,8.7,0,"prendario"
"CR-00089","comercio",71.6,6.5,0.5722,"sin_colateral"
"CR-00090","comercio",43.3,5.3,0.2348,"prendario"
"CR-00091","agro",12.9,6.5,0.5567,"prendario"
"CR-00092","servicios",66.3,14.8,0,"hipotecario"
"CR-00093","construccion",21.4,5.6,0.6734,"sin_colateral"
"CR-00094","comercio",35.9,3,0,"sin_colateral"
"CR-00095","manufactura",186.2,7.6,0,"prendario"
"CR-00096","manufactura",222.6,12.5,0.2953,"prendario"
"CR-00097","construccion",129.3,21.2,1,"prendario"
"CR-00098","manufactura",62.7,22.6,0,"sin_colateral"
"CR-00099","servicios",33.8,18.1,0.2057,"prendario"
"CR-00100","manufactura",80.4,5.5,0,"sin_colateral"
"CR-00101","comercio",106.5,4.8,1,"sin_colateral"
"CR-00102","construccion",110,6.5,0,"sin_colateral"
"CR-00103","manufactura",20,4.2,0,"sin_colateral"
"CR-00104","comercio",21.9,11.8,0,"sin_colateral"
"CR-00105","comercio",27.1,11.5,0,"prendario"
"CR-00106","comercio",75.2,6.7,0,"prendario"
"CR-00107","servicios",18,3.6,0.4291,"prendario"
"CR-00108","servicios",104.5,3.4,1,"prendario"
"CR-00109","comercio",16.5,17.4,0,"hipotecario"
"CR-00110","servicios",76.1,9.1,0.2808,"prendario"
"CR-00111","manufactura",50.4,5.8,0.4016,"prendario"
"CR-00112","construccion",58.6,7.1,0,"sin_colateral"
"CR-00113","comercio",252.5,2.7,0,"sin_colateral"
"CR-00114","manufactura",50.6,2.2,1,"prendario"
"CR-00115","comercio",54.5,2.2,0,"hipotecario"
"CR-00116","comercio",41.6,8.1,0.4169,"sin_colateral"
"CR-00117","servicios",100.5,2.2,1,"prendario"
"CR-00118","comercio",167.5,10.9,0,"hipotecario"
"CR-00119","comercio",24.3,2.7,0.2046,"sin_colateral"
"CR-00120","construccion",67.5,3.7,0,"prendario"
"CR-00121","manufactura",14.8,12.5,0,"prendario"
"CR-00122","comercio",191.9,6.8,0,"prendario"
"CR-00123","servicios",79.6,7.6,0.2079,"sin_colateral"
"CR-00124","construccion",184.3,8.1,0.3688,"sin_colateral"
"CR-00125","manufactura",37.3,4.3,0.2366,"prendario"
"CR-00126","comercio",68.8,1.3,0.3211,"hipotecario"
"CR-00127","manufactura",144.4,18.7,0,"prendario"
"CR-00128","manufactura",85.5,11,0.3577,"prendario"
"CR-00129","comercio",111.1,4,0,"hipotecario"
"CR-00130","manufactura",151.6,6.1,0,"prendario"
"CR-00131","manufactura",42.9,1.9,0,"sin_colateral"
"CR-00132","servicios",60.8,8.9,0.1453,"sin_colateral"
"CR-00133","comercio",58.3,0.8,0,"sin_colateral"
"CR-00134","comercio",38.5,1.7,1,"sin_colateral"
"CR-00135","construccion",10.6,7.9,0,"prendario"
"CR-00136","comercio",34.9,2,0.3388,"prendario"
"CR-00137","comercio",181.8,1.5,0,"prendario"
"CR-00138","manufactura",344.8,3.2,0.4361,"hipotecario"
"CR-00139","servicios",24.5,6.3,0,"prendario"
"CR-00140","manufactura",32.8,5.3,0,"prendario"
"CR-00141","servicios",10.3,9.4,0.527,"prendario"
"CR-00142","comercio",67.8,4.7,0,"sin_colateral"
"CR-00143","manufactura",36.2,4,0.2841,"hipotecario"
"CR-00144","servicios",20.5,4.2,0,"prendario"
"CR-00145","agro",43,12.6,1,"sin_colateral"
"CR-00146","comercio",25.1,4.9,1,"hipotecario"
"CR-00147","comercio",117.2,8.3,0.519,"prendario"
"CR-00148","servicios",76.6,4.4,0.2604,"prendario"
"CR-00149","servicios",59.4,10.4,1,"hipotecario"
"CR-00150","comercio",113.7,12.8,0,"sin_colateral"
"CR-00151","comercio",82.1,3.3,0,"hipotecario"
"CR-00152","comercio",8.3,4.6,0.5188,"sin_colateral"
"CR-00153","agro",68.4,4.9,0,"hipotecario"
"CR-00154","manufactura",81.7,3.7,0,"sin_colateral"
"CR-00155","construccion",70.8,5.2,0,"sin_colateral"
"CR-00156","servicios",33.7,12,0.3047,"hipotecario"
"CR-00157","manufactura",60.6,2.3,0,"sin_colateral"
"CR-00158","servicios",48.1,12,0,"hipotecario"
"CR-00159","construccion",21.4,4.3,0,"hipotecario"
"CR-00160","comercio",263.4,10.8,0,"sin_colateral"
"CR-00161","comercio",15.6,10.5,0,"hipotecario"
"CR-00162","manufactura",31.8,8.4,0,"prendario"
"CR-00163","agro",141,6.7,0,"sin_colateral"
"CR-00164","comercio",14.8,3.6,0,"sin_colateral"
"CR-00165","comercio",94.2,6.3,0,"hipotecario"
"CR-00166","manufactura",42.3,15.2,0,"prendario"
"CR-00167","comercio",41.2,6.8,1,"sin_colateral"
"CR-00168","manufactura",11.7,0.4,0.2802,"prendario"
"CR-00169","manufactura",31,1.7,0,"prendario"
"CR-00170","comercio",76,5.6,1,"prendario"
"CR-00171","construccion",39.6,6.4,0,"prendario"
"CR-00172","servicios",143.6,4,0.1067,"sin_colateral"
"CR-00173","manufactura",57.6,10.9,1,"sin_colateral"
"CR-00174","construccion",54.1,10.6,0,"hipotecario"
"CR-00175","comercio",50.9,7.9,0,"prendario"
"CR-00176","servicios",76.1,4.5,0,"prendario"
"CR-00177","construccion",152.9,11.5,0.4939,"prendario"
"CR-00178","agro",108.1,3.2,0.6011,"sin_colateral"
"CR-00179","agro",104.5,4.3,1,"sin_colateral"
"CR-00180","manufactura",187.4,5.7,0,"hipotecario"
"CR-00181","comercio",38.9,5.4,0,"prendario"
"CR-00182","comercio",52.4,1.5,0.2016,"sin_colateral"
"CR-00183","agro",242.6,11.5,0,"prendario"
"CR-00184","servicios",36.9,6.7,1,"sin_colateral"
"CR-00185","manufactura",97.8,7.5,0,"hipotecario"
"CR-00186","comercio",69.8,2.2,0.3263,"hipotecario"
"CR-00187","construccion",279,6,1,"hipotecario"
"CR-00188","comercio",196.1,4.4,0,"hipotecario"
"CR-00189","comercio",66.1,14.7,0,"sin_colateral"
"CR-00190","manufactura",88.3,10.7,0.2635,"sin_colateral"
"CR-00191","manufactura",5,16.5,0,"hipotecario"
"CR-00192","comercio",51.9,3.3,0,"sin_colateral"
"CR-00193","comercio",94.5,2,0,"sin_colateral"
"CR-00194","agro",390.9,6.4,0.5449,"prendario"
"CR-00195","manufactura",60.6,21,0,"hipotecario"
"CR-00196","manufactura",90.2,13.7,0,"prendario"
"CR-00197","comercio",58.4,5.6,0.501,"sin_colateral"
"CR-00198","servicios",20,3.4,1,"hipotecario"
"CR-00199","servicios",58.6,11.5,0,"hipotecario"
"CR-00200","comercio",90.3,2.5,0,"hipotecario"
"CR-00201","construccion",69,2.6,0,"hipotecario"
"CR-00202","servicios",98.4,3.5,0,"prendario"
"CR-00203","manufactura",54.4,8.3,0,"hipotecario"
"CR-00204","agro",38.2,3.8,0,"sin_colateral"
"CR-00205","manufactura",122.9,1.1,0,"sin_colateral"
"CR-00206","servicios",19.4,5.6,0.3547,"sin_colateral"
"CR-00207","comercio",99.8,2.3,0,"prendario"
"CR-00208","agro",60.9,9,1,"sin_colateral"
"CR-00209","construccion",6.8,2.6,0,"hipotecario"
"CR-00210","servicios",36.5,2.7,0,"hipotecario"
"CR-00211","servicios",153.6,11.8,0,"prendario"
"CR-00212","comercio",10.4,4.3,0,"sin_colateral"
"CR-00213","comercio",174.7,0.9,0.3886,"prendario"
"CR-00214","comercio",172.6,1.1,0,"hipotecario"
"CR-00215","agro",140.8,2.4,1,"prendario"
"CR-00216","servicios",51.6,4.2,0,"prendario"
"CR-00217","comercio",34.9,5.9,0,"hipotecario"
"CR-00218","comercio",15.7,8.1,0,"hipotecario"
"CR-00219","comercio",51.3,2.2,0,"sin_colateral"
"CR-00220","manufactura",45.6,0.9,0.3187,"hipotecario"
"CR-00221","comercio",251.7,15.3,0,"sin_colateral"
"CR-00222","servicios",67.3,7.1,0,"prendario"
"CR-00223","comercio",35.7,1.8,0,"hipotecario"
"CR-00224","servicios",121.6,0.1,0,"hipotecario"
"CR-00225","manufactura",106.1,3.9,0,"hipotecario"
"CR-00226","construccion",36.9,0.8,1,"hipotecario"
"CR-00227","servicios",79.6,4.9,0,"sin_colateral"
"CR-00228","comercio",33.2,2,0.2851,"prendario"
"CR-00229","comercio",31.6,4.2,0.6975,"sin_colateral"
"CR-00230","comercio",26.8,10.6,1,"sin_colateral"
"CR-00231","manufactura",39.7,4.4,0,"sin_colateral"
"CR-00232","comercio",24.6,8.3,0.4218,"prendario"
"CR-00233","manufactura",106.7,11.8,0,"prendario"
"CR-00234","manufactura",92.3,8.8,0,"prendario"
"CR-00235","construccion",49.7,2.6,0,"hipotecario"
"CR-00236","servicios",201.4,5.7,0,"hipotecario"
"CR-00237","agro",81.7,9.7,0.4527,"sin_colateral"
"CR-00238","comercio",95.3,18.3,0,"prendario"
"CR-00239","comercio",39.8,8.1,0,"prendario"
"CR-00240","construccion",170,14.2,0,"prendario"
"CR-00241","agro",60.2,0.7,0.5945,"prendario"
"CR-00242","manufactura",37.5,1.6,0,"hipotecario"
"CR-00243","agro",111.1,2.2,0,"prendario"
"CR-00244","construccion",28.7,13.9,0,"hipotecario"
"CR-00245","servicios",23.1,3.3,0,"hipotecario"
"CR-00246","manufactura",157.9,2.5,0,"sin_colateral"
"CR-00247","construccion",121.3,9.6,0.6258,"hipotecario"
"CR-00248","manufactura",125.9,4.2,0,"prendario"
"CR-00249","comercio",93.8,3.6,0,"hipotecario"
"CR-00250","comercio",64.2,6.5,0,"hipotecario"
"CR-00251","servicios",25.5,3.9,0.1316,"prendario"
"CR-00252","manufactura",35.6,3,0,"prendario"
"CR-00253","comercio",44.9,3,0.3239,"hipotecario"
"CR-00254","servicios",117.8,9.6,0,"prendario"
"CR-00255","manufactura",47.1,6.5,0.1984,"hipotecario"
"CR-00256","comercio",94,14.6,0,"hipotecario"
"CR-00257","servicios",88.4,7.4,0.2059,"prendario"
"CR-00258","agro",41.3,8,0,"hipotecario"
"CR-00259","construccion",18.9,10.6,0.6953,"prendario"
"CR-00260","servicios",47.7,9.2,0,"hipotecario"
"CR-00261","manufactura",40.9,1.7,0,"hipotecario"
"CR-00262","servicios",15.2,3.7,0,"prendario"
"CR-00263","agro",41.1,10.7,1,"sin_colateral"
"CR-00264","comercio",151.7,7.9,0.5535,"prendario"
"CR-00265","servicios",30.7,4,0,"prendario"
"CR-00266","comercio",31.9,11.2,0,"hipotecario"
"CR-00267","manufactura",220.7,9.5,0.5676,"sin_colateral"
"CR-00268","servicios",58.5,7.5,0,"hipotecario"
"CR-00269","servicios",14.7,1,1,"hipotecario"
"CR-00270","servicios",20.4,12,0,"hipotecario"
"CR-00271","manufactura",301.7,10.8,0,"sin_colateral"
"CR-00272","manufactura",136.7,7.9,0.4655,"sin_colateral"
"CR-00273","comercio",47.6,2.5,0,"prendario"
"CR-00274","comercio",11.4,3.5,0,"prendario"
"CR-00275","servicios",12,2.3,0,"prendario"
"CR-00276","servicios",18.5,2.5,1,"sin_colateral"
"CR-00277","construccion",17.6,4.5,0,"prendario"
"CR-00278","servicios",42.1,5.5,0.3924,"prendario"
"CR-00279","servicios",141.9,18.4,0.5256,"hipotecario"
"CR-00280","comercio",37.5,7,0,"prendario"
"CR-00281","servicios",28.9,3.2,0,"hipotecario"
"CR-00282","construccion",21,1.2,0,"prendario"
"CR-00283","servicios",20.4,18.2,0,"hipotecario"
"CR-00284","servicios",38.9,0.3,0,"prendario"
"CR-00285","construccion",19.8,11.6,0,"hipotecario"
"CR-00286","manufactura",217.1,7.5,0,"prendario"
"CR-00287","comercio",43.4,5,0,"prendario"
"CR-00288","comercio",119.1,23.9,0,"prendario"
"CR-00289","construccion",32.3,6.9,0,"sin_colateral"
"CR-00290","construccion",57.9,17.7,1,"hipotecario"
"CR-00291","comercio",24.6,0.9,0.3684,"sin_colateral"
"CR-00292","construccion",28.6,12.7,0,"prendario"
"CR-00293","servicios",38,5.5,0,"hipotecario"
"CR-00294","construccion",47,6.3,0,"prendario"
"CR-00295","construccion",63.3,1.7,0,"hipotecario"
"CR-00296","servicios",62.2,2.9,0,"prendario"
"CR-00297","servicios",101.5,8.2,0,"hipotecario"
"CR-00298","manufactura",28.8,3.5,0.2409,"prendario"
"CR-00299","comercio",118.1,4.6,0,"sin_colateral"
"CR-00300","manufactura",81.5,9,0,"hipotecario"
"CR-00301","manufactura",16,4,1,"sin_colateral"
"CR-00302","manufactura",19.1,3.1,0,"hipotecario"
"CR-00303","servicios",188.8,5.5,0.1213,"hipotecario"
"CR-00304","manufactura",62.9,3.9,0.222,"prendario"
"CR-00305","construccion",42.4,23.4,0,"hipotecario"
"CR-00306","comercio",66.7,4.4,0,"hipotecario"
"CR-00307","servicios",19,5.4,0,"prendario"
"CR-00308","comercio",44.2,2.9,0,"hipotecario"
"CR-00309","servicios",95.3,13.9,0,"hipotecario"
"CR-00310","construccion",35.8,4,0,"hipotecario"
"CR-00311","construccion",31.9,2,0,"hipotecario"
"CR-00312","servicios",29.2,5.4,1,"prendario"
"CR-00313","comercio",169.7,5.2,0,"hipotecario"
"CR-00314","construccion",80.2,10.3,0,"hipotecario"
"CR-00315","comercio",16.5,4.1,0,"prendario"
"CR-00316","construccion",31.6,6.9,0,"sin_colateral"
"CR-00317","manufactura",10.9,7.1,0,"hipotecario"
"CR-00318","manufactura",55.5,9.5,0,"sin_colateral"
"CR-00319","servicios",66.6,2.7,0.3928,"sin_colateral"
"CR-00320","servicios",43.7,10.1,0.2505,"prendario"
"CR-00321","agro",22.2,6.6,0,"prendario"
"CR-00322","manufactura",13.2,12.4,1,"hipotecario"
"CR-00323","comercio",35.1,2.4,1,"prendario"
"CR-00324","agro",8.4,4.2,0,"prendario"
"CR-00325","comercio",120.4,11.8,1,"prendario"
"CR-00326","servicios",31.1,0.4,1,"hipotecario"
"CR-00327","construccion",6.4,10.4,0,"sin_colateral"
"CR-00328","servicios",124.2,2.7,0.3466,"sin_colateral"
"CR-00329","manufactura",71.5,2.2,1,"sin_colateral"
"CR-00330","servicios",6,8.3,0,"hipotecario"
"CR-00331","manufactura",43.7,5.6,1,"sin_colateral"
"CR-00332","servicios",23.7,3.9,0,"hipotecario"
"CR-00333","servicios",157.7,7.9,0.4405,"prendario"
"CR-00334","construccion",249.3,12.6,0,"prendario"
"CR-00335","comercio",61.3,20.4,0,"prendario"
"CR-00336","construccion",120.6,24.7,0.5704,"sin_colateral"
"CR-00337","comercio",176.6,8.8,0,"prendario"
"CR-00338","manufactura",38.1,2,0.4636,"prendario"
"CR-00339","manufactura",80.6,9.1,0,"sin_colateral"
"CR-00340","servicios",44.7,6.5,0,"prendario"
"CR-00341","manufactura",33.7,4.5,1,"prendario"
"CR-00342","manufactura",73.3,17.1,0.3146,"hipotecario"
"CR-00343","comercio",44,5.3,0,"hipotecario"
"CR-00344","comercio",110.8,8.8,0,"hipotecario"
"CR-00345","construccion",40.2,4.3,0,"prendario"
"CR-00346","comercio",24.2,4.4,0,"prendario"
"CR-00347","manufactura",81.6,2.1,1,"hipotecario"
"CR-00348","manufactura",109.9,7.6,1,"hipotecario"
"CR-00349","manufactura",16.1,2.2,0.3215,"prendario"
"CR-00350","comercio",18.1,5.7,0,"prendario"
"CR-00351","servicios",59.2,2.4,0.2355,"sin_colateral"
"CR-00352","agro",60.5,8.8,1,"sin_colateral"
"CR-00353","comercio",34.2,9.4,0.2916,"sin_colateral"
"CR-00354","comercio",179.1,12.5,0,"prendario"
"CR-00355","servicios",14.6,11.5,0,"prendario"
"CR-00356","construccion",16.7,5.2,0,"sin_colateral"
"CR-00357","agro",40.1,7,0.4074,"sin_colateral"
"CR-00358","comercio",62.5,4.6,0,"prendario"
"CR-00359","manufactura",21.9,5.8,0,"prendario"
"CR-00360","servicios",124.1,10,0,"prendario"
"CR-00361","comercio",42,9.8,0,"hipotecario"
"CR-00362","comercio",22,1.1,0,"hipotecario"
"CR-00363","agro",24.4,4.6,0.4531,"sin_colateral"
"CR-00364","comercio",26.4,6.6,0,"hipotecario"
"CR-00365","servicios",74.2,5.3,0.3181,"hipotecario"
"CR-00366","comercio",23.6,12,0.3703,"hipotecario"
"CR-00367","construccion",55.1,1.9,0,"prendario"
"CR-00368","agro",19.5,22,0.5451,"hipotecario"
"CR-00369","servicios",54.5,6.8,0,"hipotecario"
"CR-00370","agro",61.9,11.1,1,"sin_colateral"
"CR-00371","servicios",150.7,3.5,0,"prendario"
"CR-00372","servicios",50.1,1.5,0.5046,"hipotecario"
"CR-00373","agro",103,3.1,1,"prendario"
"CR-00374","manufactura",13.5,3.7,0,"prendario"
"CR-00375","servicios",70.9,7.9,1,"hipotecario"
"CR-00376","comercio",53.4,5.9,0,"prendario"
"CR-00377","servicios",159.3,0.9,0,"sin_colateral"
"CR-00378","comercio",16.9,5.8,0,"hipotecario"
"CR-00379","comercio",100.7,2,0.4077,"prendario"
"CR-00380","comercio",39.3,5.7,0,"hipotecario"
"CR-00381","servicios",55.8,4,0,"hipotecario"
"CR-00382","agro",53.3,2.6,1,"sin_colateral"
"CR-00383","manufactura",66,3.6,1,"sin_colateral"
"CR-00384","manufactura",33.4,2.5,0,"hipotecario"
"CR-00385","agro",69,4.1,0.3412,"sin_colateral"
"CR-00386","servicios",74.6,6.2,1,"sin_colateral"
"CR-00387","servicios",45.3,13.5,0,"prendario"
"CR-00388","comercio",39.6,5.8,1,"sin_colateral"
"CR-00389","comercio",277.2,12.2,1,"hipotecario"
"CR-00390","manufactura",21.7,10.4,0.3195,"prendario"
"CR-00391","agro",44.1,16.7,0,"prendario"
"CR-00392","construccion",87.3,3.4,0,"hipotecario"
"CR-00393","manufactura",62.3,5.5,0,"sin_colateral"
"CR-00394","comercio",154.2,4.7,0,"sin_colateral"
"CR-00395","comercio",77.7,5.5,0.5085,"prendario"
"CR-00396","servicios",97.7,6.4,0.3303,"prendario"
"CR-00397","comercio",117,7.6,0,"hipotecario"
"CR-00398","construccion",16.4,12.8,0.5248,"hipotecario"
"CR-00399","manufactura",51.5,3,1,"prendario"
"CR-00400","comercio",91,7.5,1,"prendario"
"CR-00401","manufactura",195,0.1,0.2148,"prendario"
"CR-00402","manufactura",11.4,11.1,1,"hipotecario"
"CR-00403","servicios",24.8,7.1,0.5185,"prendario"
"CR-00404","comercio",120.6,3.3,1,"sin_colateral"
"CR-00405","manufactura",120.4,6.5,0.4749,"sin_colateral"
"CR-00406","comercio",36,2.3,1,"sin_colateral"
"CR-00407","comercio",14.8,6.3,0.2647,"prendario"
"CR-00408","manufactura",24.9,4.8,1,"hipotecario"
"CR-00409","manufactura",175.8,22.9,0.3379,"sin_colateral"
"CR-00410","servicios",9,13,0,"prendario"
"CR-00411","agro",42.3,2.1,0.5141,"hipotecario"
"CR-00412","manufactura",85.6,2.5,0,"prendario"
"CR-00413","manufactura",49.2,1.8,0,"sin_colateral"
"CR-00414","servicios",52.9,1.9,1,"sin_colateral"
"CR-00415","comercio",199.5,2.4,0.5111,"hipotecario"
"CR-00416","comercio",40.2,5.3,0,"hipotecario"
"CR-00417","manufactura",66.4,21.9,0,"hipotecario"
"CR-00418","comercio",37.8,6.5,0,"hipotecario"
"CR-00419","agro",81.8,4.7,1,"hipotecario"
"CR-00420","manufactura",39.8,7.1,0.1872,"prendario"
"CR-00421","comercio",71.9,2.3,1,"prendario"
"CR-00422","comercio",49.9,2.5,0.4534,"prendario"
"CR-00423","construccion",366.7,14,0,"prendario"
"CR-00424","manufactura",213.6,6,0.3074,"prendario"
"CR-00425","comercio",33.1,11.7,0,"sin_colateral"
"CR-00426","comercio",35.1,7.8,0,"hipotecario"
"CR-00427","manufactura",17.5,12.3,0,"prendario"
"CR-00428","manufactura",23,4.6,0.3179,"prendario"
"CR-00429","manufactura",11.3,2.5,0,"prendario"
"CR-00430","construccion",91.6,1.9,0,"sin_colateral"
"CR-00431","construccion",25.3,5,0,"hipotecario"
"CR-00432","manufactura",49.4,11.2,0,"sin_colateral"
"CR-00433","servicios",225.6,16.6,1,"prendario"
"CR-00434","manufactura",92.2,5.1,0,"hipotecario"
"CR-00435","construccion",19.3,7.3,0.554,"sin_colateral"
"CR-00436","manufactura",27.8,1.8,0,"prendario"
"CR-00437","construccion",12.4,6.7,0.5665,"sin_colateral"
"CR-00438","manufactura",20.6,1.2,0.3229,"sin_colateral"
"CR-00439","agro",179.1,4.7,0.6491,"prendario"
"CR-00440","comercio",78.8,5.6,0.1854,"sin_colateral"
"CR-00441","manufactura",18.1,7.2,0,"hipotecario"
"CR-00442","comercio",88.7,4.5,1,"sin_colateral"
"CR-00443","comercio",98.5,6.7,0.5552,"prendario"
"CR-00444","comercio",22.7,26.2,0,"prendario"
"CR-00445","comercio",48.5,5.5,0,"hipotecario"
"CR-00446","servicios",59.5,13.8,0,"hipotecario"
"CR-00447","comercio",71.6,1.7,0.3261,"sin_colateral"
"CR-00448","servicios",103.5,9.7,1,"sin_colateral"
"CR-00449","manufactura",83.9,4.5,0,"hipotecario"
"CR-00450","comercio",56.6,1.8,0,"hipotecario"
"CR-00451","construccion",452.2,6.3,0,"hipotecario"
"CR-00452","manufactura",51.6,16.1,0.3163,"prendario"
"CR-00453","comercio",13.7,5,0.2327,"prendario"
"CR-00454","servicios",25.8,14.9,0,"hipotecario"
"CR-00455","comercio",40.3,7.9,0,"sin_colateral"
"CR-00456","manufactura",109.1,4.2,0,"prendario"
"CR-00457","servicios",17.4,3,1,"hipotecario"
"CR-00458","servicios",18.4,4,0,"sin_colateral"
"CR-00459","construccion",43.5,13,0.5496,"hipotecario"
"CR-00460","construccion",89.3,5.1,0,"hipotecario"
"CR-00461","manufactura",99.6,2.7,0.3889,"prendario"
"CR-00462","construccion",41.8,9.8,0.628,"prendario"
"CR-00463","servicios",26.8,2.7,0,"prendario"
"CR-00464","comercio",316.5,1,0,"sin_colateral"
"CR-00465","servicios",78.7,9.2,0,"prendario"
"CR-00466","manufactura",58.8,2.1,0,"hipotecario"
"CR-00467","servicios",86.7,7.2,0,"hipotecario"
"CR-00468","comercio",29.9,1.8,0,"prendario"
"CR-00469","comercio",65.4,14.4,0.2609,"sin_colateral"
"CR-00470","manufactura",79.6,9.2,0,"prendario"
"CR-00471","construccion",30.6,4.9,0.3771,"prendario"
"CR-00472","manufactura",44.4,11,0,"hipotecario"
"CR-00473","comercio",85.9,6.6,0,"prendario"
"CR-00474","manufactura",15.6,7.1,1,"hipotecario"
"CR-00475","servicios",136.8,16.4,1,"hipotecario"
"CR-00476","construccion",46.9,0.6,0,"sin_colateral"
"CR-00477","servicios",34.2,14.9,0,"prendario"
"CR-00478","comercio",29.5,1.6,0,"prendario"
"CR-00479","agro",192.6,14,0.5406,"hipotecario"
"CR-00480","construccion",40.7,17.9,1,"sin_colateral"
"CR-00481","servicios",56.5,4.8,0,"prendario"
"CR-00482","manufactura",33.7,11.2,0,"hipotecario"
"CR-00483","manufactura",26.1,2.4,0,"prendario"
"CR-00484","manufactura",86.8,7.5,0.2703,"sin_colateral"
"CR-00485","construccion",51.6,11.1,1,"sin_colateral"
"CR-00486","construccion",63.2,16.3,0,"prendario"
"CR-00487","construccion",31.7,3.7,0,"prendario"
"CR-00488","servicios",120.4,16.4,0,"prendario"
"CR-00489","manufactura",83.2,11.4,1,"prendario"
"CR-00490","servicios",76.1,5.2,0.2597,"sin_colateral"
"CR-00491","manufactura",77.9,15.5,0,"sin_colateral"
"CR-00492","servicios",145.1,1.3,0,"hipotecario"
"CR-00493","servicios",103.1,3,0.1705,"prendario"
"CR-00494","servicios",36.4,7.7,0.1765,"hipotecario"
"CR-00495","comercio",74.4,13.7,0.591,"sin_colateral"
"CR-00496","manufactura",56.1,4.1,0.1718,"hipotecario"
"CR-00497","construccion",224.3,6.9,0.4684,"hipotecario"
"CR-00498","construccion",19.2,9.4,0,"hipotecario"
"CR-00499","comercio",67.4,3,1,"hipotecario"
"CR-00500","agro",28.8,1,0.2814,"prendario"
"CR-00501","manufactura",13.4,4.2,0,"hipotecario"
"CR-00502","servicios",37.2,3.4,0,"prendario"
"CR-00503","construccion",24.4,9.9,0,"hipotecario"
"CR-00504","comercio",56.9,21.9,1,"prendario"
"CR-00505","manufactura",74.8,4.7,0.1754,"prendario"
"CR-00506","comercio",59.1,13,1,"sin_colateral"
"CR-00507","manufactura",54.3,5.9,1,"sin_colateral"
"CR-00508","servicios",94.7,1.4,0,"hipotecario"
"CR-00509","agro",37.1,11.6,0.4537,"prendario"
"CR-00510","servicios",6.3,3.5,0,"prendario"
"CR-00511","comercio",134.4,1.6,0,"prendario"
"CR-00512","manufactura",49.8,5.8,0.2871,"sin_colateral"
"CR-00513","manufactura",98.5,1.9,0,"sin_colateral"
"CR-00514","manufactura",84.1,2.6,0,"prendario"
"CR-00515","agro",48.8,8.9,0.4914,"hipotecario"
"CR-00516","manufactura",92.9,10.3,0,"hipotecario"
"CR-00517","manufactura",19.5,1.2,0,"prendario"
"CR-00518","construccion",80.4,6.6,0.6201,"hipotecario"
"CR-00519","comercio",150.9,7.6,0.4155,"prendario"
"CR-00520","servicios",185.8,6.8,0,"hipotecario"
"CR-00521","servicios",37.4,7.3,0.2816,"prendario"
"CR-00522","agro",43.2,8.7,0,"prendario"
"CR-00523","servicios",128.3,10.7,1,"hipotecario"
"CR-00524","construccion",35.4,2.5,1,"prendario"
"CR-00525","comercio",84.4,7.1,0,"sin_colateral"
"CR-00526","servicios",45.2,16,0.2619,"prendario"
"CR-00527","manufactura",31.6,2.9,0,"hipotecario"
"CR-00528","comercio",57.2,6.4,0.3447,"sin_colateral"
"CR-00529","manufactura",48.3,20.3,0.1917,"hipotecario"
"CR-00530","manufactura",39.1,20.5,0,"sin_colateral"
"CR-00531","comercio",34.2,7.6,0.4033,"hipotecario"
"CR-00532","comercio",95.7,6.9,0.5286,"sin_colateral"
"CR-00533","manufactura",226.9,2.4,0,"hipotecario"
"CR-00534","comercio",39.8,3,0,"hipotecario"
"CR-00535","agro",21.2,2.7,1,"prendario"
"CR-00536","comercio",26.5,3.3,0,"prendario"
"CR-00537","construccion",63.9,3.1,0.3444,"sin_colateral"
"CR-00538","manufactura",55.3,14.4,0.2206,"hipotecario"
"CR-00539","comercio",23,4.6,0.2456,"hipotecario"
"CR-00540","comercio",65.4,7,0,"prendario"
"CR-00541","servicios",50.4,13.2,0,"sin_colateral"
"CR-00542","construccion",70.2,7.4,0.6636,"prendario"
"CR-00543","manufactura",49.9,19.3,1,"prendario"
"CR-00544","construccion",16.9,2.9,0,"hipotecario"
"CR-00545","manufactura",164.6,1.1,0.3896,"hipotecario"
"CR-00546","comercio",163.1,1.4,0,"hipotecario"
"CR-00547","construccion",56.4,2.4,0.4715,"sin_colateral"
"CR-00548","comercio",189.1,10.8,0,"hipotecario"
"CR-00549","servicios",113.9,13.3,1,"sin_colateral"
"CR-00550","comercio",24.5,8,0,"prendario"
"CR-00551","construccion",106.9,3.3,0.7108,"sin_colateral"
"CR-00552","comercio",22.4,2.9,0,"hipotecario"
"CR-00553","servicios",41.7,7.4,0,"prendario"
"CR-00554","comercio",80.6,9.7,0,"prendario"
"CR-00555","comercio",159.3,11.8,1,"sin_colateral"
"CR-00556","manufactura",29.6,12.1,0,"prendario"
"CR-00557","manufactura",65.9,11.2,0,"sin_colateral"
"CR-00558","agro",142,6.4,0,"sin_colateral"
"CR-00559","comercio",56.3,11.3,0,"prendario"
"CR-00560","manufactura",13,2.2,0.2376,"sin_colateral"
"CR-00561","servicios",114.9,17.6,0,"prendario"
"CR-00562","construccion",89.7,2.7,0,"hipotecario"
"CR-00563","agro",115.4,4,0,"hipotecario"
"CR-00564","manufactura",52.4,4.1,0,"sin_colateral"
"CR-00565","comercio",145,5.3,0,"prendario"
"CR-00566","manufactura",62.6,2.3,0.3694,"sin_colateral"
"CR-00567","manufactura",56.7,17.6,0.1385,"prendario"
"CR-00568","servicios",51.1,8.6,1,"sin_colateral"
"CR-00569","servicios",346.6,2.3,1,"sin_colateral"
"CR-00570","comercio",106,7.6,0,"prendario"
"CR-00571","manufactura",7.9,4.8,0.5877,"prendario"
"CR-00572","servicios",38,2.8,0,"hipotecario"
"CR-00573","comercio",100.6,3.6,0,"sin_colateral"
"CR-00574","comercio",33.1,3.8,0.2841,"prendario"
"CR-00575","comercio",28.1,20.2,0,"prendario"
"CR-00576","comercio",29.3,1.5,0,"prendario"
"CR-00577","agro",72.5,13.5,0,"sin_colateral"
"CR-00578","manufactura",35.8,6.6,0,"hipotecario"
"CR-00579","manufactura",54.2,7,0,"hipotecario"
"CR-00580","servicios",49.1,2.7,0.3707,"prendario"
"CR-00581","construccion",48.4,3.4,0,"sin_colateral"
"CR-00582","servicios",35.8,8.8,0.1537,"prendario"
"CR-00583","comercio",29.1,1,0.3562,"sin_colateral"
"CR-00584","comercio",185.8,12.1,0.3113,"prendario"
"CR-00585","agro",111,2.2,0,"prendario"
"CR-00586","comercio",60.8,4.9,1,"sin_colateral"
"CR-00587","servicios",61,11.6,0,"prendario"
"CR-00588","construccion",65.6,0.9,0,"prendario"
"CR-00589","manufactura",239.3,5.3,0.188,"prendario"
"CR-00590","manufactura",40.9,1.2,0,"prendario"
"CR-00591","construccion",21.7,6.7,0,"sin_colateral"
"CR-00592","comercio",58,8.1,0,"hipotecario"
"CR-00593","manufactura",85.7,9,0,"hipotecario"
"CR-00594","manufactura",60.7,15.1,0.1913,"prendario"
"CR-00595","manufactura",39.2,14,0,"hipotecario"
"CR-00596","comercio",108.8,0.4,0.5544,"sin_colateral"
"CR-00597","manufactura",184.6,0.4,0.4244,"prendario"
"CR-00598","agro",57,1,1,"prendario"
"CR-00599","manufactura",242.3,0.6,0,"hipotecario"
"CR-00600","agro",17.7,11.6,0,"sin_colateral"
"CR-00601","manufactura",28.8,3.3,0,"prendario"
"CR-00602","servicios",134.7,10.1,0,"prendario"
"CR-00603","manufactura",34.6,3.6,0.4168,"prendario"
"CR-00604","servicios",137.6,5.9,0,"hipotecario"
"CR-00605","comercio",32.1,6.9,0,"prendario"
"CR-00606","comercio",145.8,1.2,1,"sin_colateral"
"CR-00607","construccion",40.3,2.8,0,"hipotecario"
"CR-00608","servicios",53.2,5.3,0.1704,"prendario"
"CR-00609","comercio",72.7,7,0,"prendario"
"CR-00610","construccion",20.2,7.2,0.65,"prendario"
"CR-00611","comercio",52.8,13.9,0.3039,"hipotecario"
"CR-00612","manufactura",55.6,9.6,1,"hipotecario"
"CR-00613","comercio",147.4,5.6,0,"hipotecario"
"CR-00614","servicios",23.6,6.4,0,"prendario"
"CR-00615","agro",152.1,6.6,0,"hipotecario"
"CR-00616","servicios",50.7,20,0.4749,"sin_colateral"
"CR-00617","servicios",40.7,9.7,0,"hipotecario"
"CR-00618","servicios",114.6,4.3,0,"hipotecario"
"CR-00619","servicios",69.6,7.5,0,"prendario"
"CR-00620","comercio",110.7,1.2,0,"prendario"
"CR-00621","comercio",199.3,7.5,0.248,"prendario"
"CR-00622","manufactura",52.3,0.5,0,"hipotecario"
"CR-00623","manufactura",13.4,7.9,0,"prendario"
"CR-00624","servicios",36.3,3.3,0.138,"sin_colateral"
"CR-00625","construccion",45.9,1.7,0,"sin_colateral"
"CR-00626","manufactura",58.3,15.4,1,"prendario"
"CR-00627","agro",15.8,7.1,0,"prendario"
"CR-00628","construccion",31,11.5,0.7292,"sin_colateral"
"CR-00629","comercio",37.5,12.6,0,"hipotecario"
"CR-00630","agro",45.8,4.3,1,"hipotecario"
"CR-00631","comercio",32.9,8.7,0.5387,"sin_colateral"
"CR-00632","manufactura",36.3,17.7,1,"hipotecario"
"CR-00633","comercio",224.4,3.6,1,"sin_colateral"
"CR-00634","construccion",47.2,5.2,0,"prendario"
"CR-00635","comercio",19.4,13.1,0,"prendario"
"CR-00636","construccion",23.2,0.9,1,"sin_colateral"
"CR-00637","construccion",55.7,9.6,0,"hipotecario"
"CR-00638","servicios",242.9,8.1,0,"prendario"
"CR-00639","servicios",88.9,10.5,0,"prendario"
"CR-00640","manufactura",19.6,3.8,1,"prendario"
"CR-00641","agro",52.3,2.8,0.5108,"sin_colateral"
"CR-00642","servicios",29.4,2.1,0,"sin_colateral"
"CR-00643","servicios",21.8,6.5,0,"hipotecario"
"CR-00644","manufactura",58.6,8.2,0.3651,"hipotecario"
"CR-00645","manufactura",384.7,2.9,0,"prendario"
"CR-00646","agro",169.5,3.8,0,"hipotecario"
"CR-00647","agro",17.9,6.4,0.4042,"prendario"
"CR-00648","manufactura",75.1,3.5,0,"hipotecario"
"CR-00649","construccion",88.9,23.4,0,"sin_colateral"
"CR-00650","manufactura",112.7,5.6,0.5006,"sin_colateral"
"CR-00651","construccion",77.6,3.7,0,"hipotecario"
"CR-00652","servicios",183.6,7.6,0.359,"sin_colateral"
"CR-00653","construccion",19.8,6.6,0,"hipotecario"
"CR-00654","comercio",103.5,6.4,0,"hipotecario"
"CR-00655","manufactura",41.5,13.2,1,"prendario"
"CR-00656","comercio",36.4,7.3,0.2388,"hipotecario"
"CR-00657","servicios",129.3,6.9,0,"hipotecario"
"CR-00658","manufactura",296.3,0.3,0,"prendario"
"CR-00659","construccion",75.2,5.6,0.5155,"sin_colateral"
"CR-00660","agro",101.6,1.9,0,"prendario"
"CR-00661","comercio",38.8,2,1,"sin_colateral"
"CR-00662","manufactura",66.8,4.2,0,"sin_colateral"
"CR-00663","manufactura",18.1,9.3,0.3064,"prendario"
"CR-00664","comercio",63.5,4.3,0,"prendario"
"CR-00665","comercio",179.1,3.4,0,"hipotecario"
"CR-00666","manufactura",168.6,6.5,0,"prendario"
"CR-00667","comercio",49.5,1.1,1,"hipotecario"
"CR-00668","agro",61.4,2.6,0.5545,"sin_colateral"
"CR-00669","comercio",17.9,16.9,0.4614,"sin_colateral"
"CR-00670","construccion",10.3,1.9,0.3852,"sin_colateral"
"CR-00671","servicios",88.4,2.5,0,"prendario"
"CR-00672","construccion",29.1,12.1,0,"hipotecario"
"CR-00673","manufactura",58.5,4.3,0.4223,"hipotecario"
"CR-00674","manufactura",91,4.7,0,"prendario"
"CR-00675","comercio",174.7,14,1,"sin_colateral"
"CR-00676","construccion",153.3,7.6,0.7353,"prendario"
"CR-00677","servicios",117.9,9.2,1,"sin_colateral"
"CR-00678","agro",41.6,7.3,1,"sin_colateral"
"CR-00679","servicios",131.3,16.2,0,"prendario"
"CR-00680","agro",27.3,6.8,0,"prendario"
"CR-00681","servicios",26.6,5.6,0,"prendario"
"CR-00682","comercio",20.3,2.7,0,"prendario"
"CR-00683","servicios",56.3,12.1,0.3797,"prendario"
"CR-00684","manufactura",88.8,1.3,0,"sin_colateral"
"CR-00685","construccion",132.3,6.4,0,"hipotecario"
"CR-00686","manufactura",125,18.4,0,"sin_colateral"
"CR-00687","comercio",62.4,6,0.5079,"hipotecario"
"CR-00688","manufactura",42.2,13.6,0.2279,"sin_colateral"
"CR-00689","comercio",55.4,8.9,0.3237,"prendario"
"CR-00690","comercio",85,1.3,0.4905,"prendario"
"CR-00691","construccion",133.3,2.6,0.5335,"sin_colateral"
"CR-00692","manufactura",32.3,8.8,0,"hipotecario"
"CR-00693","servicios",22,3.9,0.3093,"hipotecario"
"CR-00694","manufactura",11.5,5.2,0.1492,"prendario"
"CR-00695","construccion",19.1,4.5,0.6679,"prendario"
"CR-00696","servicios",30.7,1.9,0,"hipotecario"
"CR-00697","manufactura",34.8,5.2,0,"sin_colateral"
"CR-00698","comercio",66.6,5.8,0,"hipotecario"
"CR-00699","servicios",28.1,5.9,0.1604,"hipotecario"
"CR-00700","manufactura",43.5,4.7,0,"prendario"
"CR-00701","construccion",23.9,0.3,0,"hipotecario"
"CR-00702","manufactura",22.4,6,0.2798,"prendario"
"CR-00703","comercio",41.8,14.1,0.477,"prendario"
"CR-00704","comercio",18,4.7,0,"hipotecario"
"CR-00705","agro",30.7,2,0,"prendario"
"CR-00706","manufactura",381.5,4.9,1,"hipotecario"
"CR-00707","comercio",63.3,5.5,0.2914,"sin_colateral"
"CR-00708","servicios",33.3,9.4,1,"sin_colateral"
"CR-00709","comercio",52.4,3.3,0,"prendario"
"CR-00710","manufactura",95,9.4,0.3519,"sin_colateral"
"CR-00711","manufactura",69.7,8.8,0,"prendario"
"CR-00712","servicios",46.2,1.8,1,"sin_colateral"
"CR-00713","servicios",17.4,2.8,1,"hipotecario"
"CR-00714","comercio",43.5,8.2,0,"sin_colateral"
"CR-00715","comercio",137,3.2,0,"hipotecario"
"CR-00716","agro",59.3,26,1,"sin_colateral"
"CR-00717","comercio",74.3,5.4,1,"sin_colateral"
"CR-00718","manufactura",57.7,3.8,0.5186,"prendario"
"CR-00719","comercio",88,3.3,0,"prendario"
"CR-00720","servicios",241.5,4.4,0,"prendario"
"CR-00721","construccion",83.6,5.3,0.5639,"hipotecario"
"CR-00722","manufactura",16.6,7.8,0,"sin_colateral"
"CR-00723","comercio",71.3,8.6,0.7331,"sin_colateral"
"CR-00724","servicios",39.4,2.5,0.2109,"sin_colateral"
"CR-00725","comercio",59.4,11.2,1,"prendario"
"CR-00726","construccion",32.7,4.7,0,"hipotecario"
"CR-00727","comercio",148.5,5.4,1,"sin_colateral"
"CR-00728","comercio",54.2,3.8,0,"prendario"
"CR-00729","construccion",82.7,3.2,0.5439,"sin_colateral"
"CR-00730","manufactura",38.4,3.8,0.427,"hipotecario"
"CR-00731","construccion",390,12.5,1,"prendario"
"CR-00732","manufactura",48.9,4,0,"hipotecario"
"CR-00733","comercio",78.1,6.1,0.2829,"sin_colateral"
"CR-00734","comercio",41.9,0.9,0.6066,"prendario"
"CR-00735","manufactura",36.4,3.2,0.3741,"sin_colateral"
"CR-00736","construccion",57.1,13.4,0.7148,"sin_colateral"
"CR-00737","servicios",148.1,14.8,0,"prendario"
"CR-00738","comercio",190.3,2.3,0,"hipotecario"
"CR-00739","servicios",47.6,4.7,0.1981,"prendario"
"CR-00740","servicios",55.6,1.5,0,"prendario"
"CR-00741","servicios",137.9,2.8,0,"hipotecario"
"CR-00742","comercio",186.3,7,0,"prendario"
"CR-00743","servicios",40.2,8.3,0,"prendario"
"CR-00744","comercio",48.1,10.5,0.5324,"sin_colateral"
"CR-00745","servicios",140.3,8.1,1,"hipotecario"
"CR-00746","manufactura",73.7,1.8,1,"hipotecario"
"CR-00747","comercio",26.8,9.5,0.2069,"prendario"
"CR-00748","agro",102.2,9.8,0.4963,"sin_colateral"
"CR-00749","agro",5.9,9.8,0.656,"prendario"
"CR-00750","construccion",113.9,2.2,0.5591,"sin_colateral"
"CR-00751","manufactura",80.4,8.7,0.2242,"prendario"
"CR-00752","comercio",82.9,5.5,0.3774,"prendario"
"CR-00753","servicios",89.7,8.4,0,"sin_colateral"
"CR-00754","servicios",41.2,3.1,0.292,"hipotecario"
"CR-00755","comercio",51.1,7.9,0,"prendario"
"CR-00756","manufactura",26.7,4.9,0,"sin_colateral"
"CR-00757","manufactura",18.2,9.9,0,"sin_colateral"
"CR-00758","comercio",89.9,3.7,0,"prendario"
"CR-00759","construccion",23.4,16,0,"sin_colateral"
"CR-00760","comercio",160.3,15.9,0.2702,"prendario"
"CR-00761","servicios",143.2,4.6,0.1909,"prendario"
"CR-00762","manufactura",44.2,13.4,0,"hipotecario"
"CR-00763","servicios",62.6,4.7,0,"prendario"
"CR-00764","agro",181,0.6,0,"sin_colateral"
"CR-00765","comercio",59.2,2.7,1,"sin_colateral"
"CR-00766","comercio",90,4.5,0.241,"prendario"
"CR-00767","servicios",97,9.8,0.4316,"sin_colateral"
"CR-00768","construccion",164.1,2.9,0,"prendario"
"CR-00769","manufactura",42.2,5.4,0.5804,"hipotecario"
"CR-00770","comercio",59.4,22.8,1,"sin_colateral"
"CR-00771","comercio",36.9,5.5,0.3327,"sin_colateral"
"CR-00772","agro",18,3,0,"hipotecario"
"CR-00773","servicios",9.3,9.1,0.3462,"hipotecario"
"CR-00774","comercio",29.6,12.1,0,"prendario"
"CR-00775","manufactura",57.3,6.3,0.2798,"hipotecario"
"CR-00776","comercio",31.6,7.3,1,"hipotecario"
"CR-00777","comercio",53,8.9,0,"hipotecario"
"CR-00778","servicios",62.5,4.9,0,"sin_colateral"
"CR-00779","servicios",126.2,6.6,0,"hipotecario"
"CR-00780","servicios",12.7,5.7,0,"sin_colateral"
"CR-00781","comercio",310.1,18.1,0.3942,"hipotecario"
"CR-00782","construccion",59.9,11.9,0.633,"prendario"
"CR-00783","agro",118.9,6.6,0,"prendario"
"CR-00784","comercio",13,1.2,0,"sin_colateral"
"CR-00785","comercio",189.7,1.1,0.4214,"sin_colateral"
"CR-00786","construccion",59,4.7,0,"sin_colateral"
"CR-00787","servicios",36.5,7.3,0.1837,"prendario"
"CR-00788","manufactura",33.5,11,1,"hipotecario"
"CR-00789","manufactura",50.5,3.4,0,"hipotecario"
"CR-00790","manufactura",28.3,2.1,1,"prendario"
"CR-00791","comercio",32.3,4.5,0,"hipotecario"
"CR-00792","comercio",12.8,9,0.409,"hipotecario"
"CR-00793","servicios",44.6,5,0,"prendario"
"CR-00794","comercio",25.2,8.4,0,"hipotecario"
"CR-00795","manufactura",20.8,1.4,0.3904,"sin_colateral"
"CR-00796","servicios",30.5,3,0.1743,"prendario"
"CR-00797","agro",103,17.1,1,"prendario"
"CR-00798","servicios",32.3,4.7,0,"prendario"
"CR-00799","comercio",200.6,6.8,1,"hipotecario"
"CR-00800","manufactura",310.1,7.9,0,"prendario"
"CR-00801","agro",15.6,3.1,0,"hipotecario"
"CR-00802","manufactura",34.5,8.1,0,"prendario"
"CR-00803","servicios",50.6,4.8,1,"sin_colateral"
"CR-00804","construccion",30.3,6.1,0,"prendario"
"CR-00805","comercio",161.6,22.3,0,"prendario"
"CR-00806","agro",61.8,4.1,0.4745,"sin_colateral"
"CR-00807","manufactura",28.1,9.5,0,"hipotecario"
"CR-00808","agro",36.2,7.8,0,"hipotecario"
"CR-00809","comercio",22.9,6.4,0.1221,"prendario"
"CR-00810","construccion",37.1,5,0,"hipotecario"
"CR-00811","comercio",130.6,3.2,0,"sin_colateral"
"CR-00812","construccion",25.4,15.9,0,"prendario"
"CR-00813","agro",89.4,10,1,"sin_colateral"
"CR-00814","servicios",44.6,7.7,0.419,"sin_colateral"
"CR-00815","agro",14.6,2.8,0,"prendario"
"CR-00816","construccion",29.1,7.9,0,"sin_colateral"
"CR-00817","servicios",14.5,10.9,0.5185,"hipotecario"
"CR-00818","comercio",247.5,8.9,0.4153,"sin_colateral"
"CR-00819","comercio",66.7,3.8,1,"prendario"
"CR-00820","servicios",61.2,21.7,0,"sin_colateral"
"CR-00821","servicios",55.2,2.1,1,"hipotecario"
"CR-00822","comercio",66.3,8.3,0.2595,"prendario"
"CR-00823","comercio",43.2,8.9,0,"sin_colateral"
"CR-00824","manufactura",39.8,5.8,0.256,"prendario"
"CR-00825","servicios",26.9,13.8,0.2368,"prendario"
"CR-00826","agro",47.3,6.1,1,"hipotecario"
"CR-00827","construccion",50.3,5.3,1,"prendario"
"CR-00828","comercio",25.3,3,0,"prendario"
"CR-00829","servicios",61.3,1.8,0.2707,"hipotecario"
"CR-00830","comercio",18.9,4.1,0,"sin_colateral"
"CR-00831","manufactura",66.3,17,1,"hipotecario"
"CR-00832","manufactura",51.8,10.3,0,"sin_colateral"
"CR-00833","construccion",112.9,1.1,0,"prendario"
"CR-00834","servicios",54.8,15.7,0.366,"hipotecario"
"CR-00835","construccion",83.5,15.1,0,"sin_colateral"
"CR-00836","agro",172.8,4.4,1,"sin_colateral"
"CR-00837","servicios",70.9,19.1,0.1576,"prendario"
"CR-00838","construccion",109,12.9,1,"prendario"
"CR-00839","manufactura",41.6,1.3,0,"hipotecario"
"CR-00840","servicios",35.4,3.2,0,"prendario"
"CR-00841","construccion",43.4,4.9,0,"sin_colateral"
"CR-00842","construccion",25.9,10.7,1,"hipotecario"
"CR-00843","servicios",62.9,5.1,0,"prendario"
"CR-00844","construccion",66.8,13.2,0,"prendario"
"CR-00845","agro",24.5,12.6,0.5475,"prendario"
"CR-00846","servicios",52.3,5.3,0,"sin_colateral"
"CR-00847","comercio",75.1,2.6,0,"hipotecario"
"CR-00848","servicios",34.1,13.4,0,"prendario"
"CR-00849","manufactura",23.6,11.1,0,"hipotecario"
"CR-00850","comercio",59.7,17.5,1,"sin_colateral"
"CR-00851","construccion",18.4,14.9,0,"hipotecario"
"CR-00852","comercio",147.1,9.5,0.2684,"prendario"
"CR-00853","comercio",49.4,3.7,0.4099,"hipotecario"
"CR-00854","manufactura",24.2,3.7,1,"prendario"
"CR-00855","comercio",38,7.3,0,"prendario"
"CR-00856","servicios",98.7,9,0,"sin_colateral"
"CR-00857","servicios",43.2,8,0,"hipotecario"
"CR-00858","servicios",50.6,12.5,0.2074,"hipotecario"
"CR-00859","comercio",88.4,5.6,0,"prendario"
"CR-00860","manufactura",115.1,17.4,0.4141,"sin_colateral"
"CR-00861","manufactura",39.3,6.8,0,"hipotecario"
"CR-00862","manufactura",82.6,12.3,0.4744,"prendario"
"CR-00863","construccion",52.9,3.5,0,"sin_colateral"
"CR-00864","manufactura",65.3,3.3,0,"prendario"
"CR-00865","agro",69.9,7.1,0,"prendario"
"CR-00866","servicios",80.4,11.5,0,"prendario"
"CR-00867","manufactura",64.5,1.7,0.3881,"hipotecario"
"CR-00868","comercio",40.2,5.1,0.3625,"prendario"
"CR-00869","construccion",71.5,7.8,0,"hipotecario"
"CR-00870","servicios",63.5,9.5,1,"sin_colateral"
"CR-00871","comercio",75.5,2.5,0,"sin_colateral"
"CR-00872","agro",42.9,5.6,0.5865,"sin_colateral"
"CR-00873","manufactura",69.1,0.8,0,"prendario"
"CR-00874","comercio",42.5,10.2,0,"prendario"
"CR-00875","comercio",65,3.6,1,"sin_colateral"
"CR-00876","servicios",27.5,12.1,0.3453,"prendario"
"CR-00877","comercio",248.7,16.1,0.3681,"sin_colateral"
"CR-00878","servicios",61.6,3.4,0,"prendario"
"CR-00879","agro",50.2,1.1,0.4545,"prendario"
"CR-00880","comercio",20.1,15.8,0,"sin_colateral"
"CR-00881","construccion",51,3.7,0,"hipotecario"
"CR-00882","servicios",64.9,5.5,0,"hipotecario"
"CR-00883","servicios",68.2,10.7,0.0948,"sin_colateral"
"CR-00884","comercio",51,0.5,0,"prendario"
"CR-00885","comercio",49.3,6.5,0,"prendario"
"CR-00886","manufactura",75.9,10.3,1,"hipotecario"
"CR-00887","comercio",109.5,2.3,1,"hipotecario"
"CR-00888","comercio",32.7,0.9,1,"prendario"
"CR-00889","servicios",46.3,4.4,0.2727,"prendario"
"CR-00890","comercio",24.7,7.5,0,"hipotecario"
"CR-00891","comercio",37.2,8.6,0,"sin_colateral"
"CR-00892","comercio",21.5,3,0,"prendario"
"CR-00893","agro",32.1,4.9,0.4498,"sin_colateral"
"CR-00894","manufactura",127.3,4.5,0.3356,"sin_colateral"
"CR-00895","manufactura",111.3,5.5,1,"sin_colateral"
"CR-00896","servicios",36.6,2.3,0,"prendario"
"CR-00897","servicios",65.3,3,0.2383,"sin_colateral"
"CR-00898","manufactura",65.4,5.3,0.3659,"prendario"
"CR-00899","comercio",294.6,13.1,1,"sin_colateral"
"CR-00900","manufactura",20,18.6,0.3705,"hipotecario"
"CR-00901","servicios",43,5.4,1,"prendario"
"CR-00902","servicios",66.4,5.2,0.2533,"sin_colateral"
"CR-00903","construccion",29.2,4.6,0.5105,"sin_colateral"
"CR-00904","comercio",53.1,12.2,1,"prendario"
"CR-00905","servicios",25.1,8.1,0,"hipotecario"
"CR-00906","comercio",47.2,0.8,1,"sin_colateral"
"CR-00907","manufactura",120.1,0.3,0,"hipotecario"
"CR-00908","agro",54.4,12.4,0,"hipotecario"
"CR-00909","agro",57.8,6.8,0.3912,"hipotecario"
"CR-00910","manufactura",50.9,5,1,"sin_colateral"
"CR-00911","construccion",25.5,10.9,0.658,"hipotecario"
"CR-00912","comercio",8.6,7.1,1,"sin_colateral"
"CR-00913","servicios",71.6,11.5,0,"prendario"
"CR-00914","comercio",25.5,10.4,0,"sin_colateral"
"CR-00915","construccion",6.5,7.8,0,"prendario"
"CR-00916","agro",46.9,6.4,0.3099,"sin_colateral"
"CR-00917","servicios",23.1,12.9,0.3129,"prendario"
"CR-00918","comercio",55.3,5.6,0,"prendario"
"CR-00919","agro",41.5,13.3,0,"hipotecario"
"CR-00920","manufactura",59.3,6.7,0,"prendario"
"CR-00921","servicios",120.7,4.2,0,"prendario"
"CR-00922","construccion",24.4,2.8,1,"sin_colateral"
"CR-00923","construccion",94.6,12.1,0.521,"hipotecario"
"CR-00924","construccion",49.1,4.9,0,"prendario"
"CR-00925","construccion",33,7.6,0.6244,"hipotecario"
"CR-00926","manufactura",32.2,0.2,0.3003,"sin_colateral"
"CR-00927","construccion",35.9,4.8,0,"hipotecario"
"CR-00928","agro",33.1,17.4,0.5684,"hipotecario"
"CR-00929","construccion",19.1,8.1,0.4693,"prendario"
"CR-00930","manufactura",34.1,12.3,0,"hipotecario"
"CR-00931","servicios",79.6,17.4,0,"hipotecario"
"CR-00932","manufactura",41.5,1.3,1,"sin_colateral"
"CR-00933","comercio",29.7,8.5,1,"prendario"
"CR-00934","comercio",78.3,8.8,0,"sin_colateral"
"CR-00935","comercio",26.4,6.1,1,"sin_colateral"
"CR-00936","construccion",30.9,6.7,0.6344,"sin_colateral"
"CR-00937","agro",66.5,8.3,0,"hipotecario"
"CR-00938","agro",36.1,7.9,0,"hipotecario"
"CR-00939","agro",58.4,0.7,0,"hipotecario"
"CR-00940","comercio",22,6.8,0,"prendario"
"CR-00941","manufactura",32.8,6.3,1,"prendario"
"CR-00942","construccion",119.8,6.8,0.675,"sin_colateral"
"CR-00943","comercio",48.9,11.8,0.3987,"hipotecario"
"CR-00944","agro",105.6,10.6,0,"prendario"
"CR-00945","comercio",23.8,3.7,0,"prendario"
"CR-00946","construccion",25.2,4.2,0,"prendario"
"CR-00947","comercio",51.4,1.2,0.4161,"hipotecario"
"CR-00948","comercio",109.8,22.7,0.1601,"sin_colateral"
"CR-00949","comercio",27.3,13.3,1,"prendario"
"CR-00950","manufactura",34.9,21.8,0,"hipotecario"
"CR-00951","construccion",105.1,2.5,0,"sin_colateral"
"CR-00952","comercio",81.1,3.9,0,"prendario"
"CR-00953","manufactura",46.3,2.7,0,"sin_colateral"
"CR-00954","comercio",49.7,7,0,"sin_colateral"
"CR-00955","agro",98,1.3,0.2972,"prendario"
"CR-00956","comercio",235.1,11.6,1,"sin_colateral"
"CR-00957","comercio",58.8,6.3,0,"sin_colateral"
"CR-00958","agro",82.6,2.6,0.6235,"sin_colateral"
"CR-00959","comercio",61.2,8.6,0.5135,"hipotecario"
"CR-00960","comercio",81.3,7.5,0,"sin_colateral"
"CR-00961","servicios",86.9,3.1,1,"prendario"
"CR-00962","servicios",59.8,7.5,0.1353,"sin_colateral"
"CR-00963","construccion",74,8.8,0,"prendario"
"CR-00964","comercio",82.9,5.3,1,"sin_colateral"
"CR-00965","manufactura",160.8,6.5,0,"prendario"
"CR-00966","construccion",136.4,4,0,"hipotecario"
"CR-00967","comercio",14.4,9,0.577,"sin_colateral"
"CR-00968","comercio",33.9,9.9,0,"hipotecario"
"CR-00969","agro",413.6,7.8,0,"prendario"
"CR-00970","manufactura",106.4,12.9,1,"hipotecario"
"CR-00971","agro",12.4,3.6,0,"prendario"
"CR-00972","construccion",70.2,3.7,0,"hipotecario"
"CR-00973","construccion",45.8,10.3,1,"sin_colateral"
"CR-00974","agro",169.1,7.6,0,"sin_colateral"
"CR-00975","construccion",34.1,5,0,"hipotecario"
"CR-00976","comercio",39.5,6.5,0,"sin_colateral"
"CR-00977","comercio",190.7,9.6,0.312,"sin_colateral"
"CR-00978","construccion",32.2,15.7,0,"prendario"
"CR-00979","comercio",35.5,11.3,0,"hipotecario"
"CR-00980","comercio",22.6,15,0.3948,"prendario"
"CR-00981","agro",26.1,9.2,0,"prendario"
"CR-00982","manufactura",19,5.8,0,"prendario"
"CR-00983","servicios",78,6.8,0.2048,"prendario"
"CR-00984","comercio",37.2,2.7,1,"sin_colateral"
"CR-00985","comercio",124.9,3.8,0,"prendario"
"CR-00986","comercio",39.3,4,0,"sin_colateral"
"CR-00987","agro",56.4,2.3,0,"prendario"
"CR-00988","servicios",30.4,8.8,1,"prendario"
"CR-00989","comercio",78.8,8.8,0,"sin_colateral"
"CR-00990","manufactura",193.5,5,0.2772,"prendario"
"CR-00991","manufactura",68,9.1,0,"hipotecario"
"CR-00992","servicios",103.2,8.4,0,"hipotecario"
"CR-00993","servicios",52.7,2.3,0,"sin_colateral"
"CR-00994","comercio",54.7,1.4,0.5077,"prendario"
"CR-00995","comercio",28.7,12.8,0.3156,"prendario"
"CR-00996","manufactura",25.4,4.4,0,"prendario"
"CR-00997","manufactura",15.3,12.4,0,"hipotecario"
"CR-00998","servicios",26.1,3.8,0,"sin_colateral"
"CR-00999","comercio",89.6,15.2,1,"sin_colateral"
"CR-01000","comercio",82.9,2.3,0.3302,"sin_colateral"
"CR-01001","construccion",64,3.9,0,"prendario"
"CR-01002","servicios",62.3,6.4,0,"prendario"
"CR-01003","servicios",58.2,2.4,0.2507,"sin_colateral"
"CR-01004","manufactura",28.2,3.7,1,"prendario"
"CR-01005","manufactura",33.3,30.5,0.1997,"prendario"
"CR-01006","agro",88.5,7.4,0,"prendario"
"CR-01007","agro",42.4,9.2,1,"sin_colateral"
"CR-01008","manufactura",65.3,6.8,0.5102,"prendario"
"CR-01009","manufactura",36.4,0.8,0,"sin_colateral"
"CR-01010","manufactura",16.9,6.5,1,"sin_colateral"
"CR-01011","manufactura",127.4,9.8,1,"sin_colateral"
"CR-01012","construccion",50.5,7.2,0.5906,"sin_colateral"
"CR-01013","servicios",44.2,5.4,0.4709,"sin_colateral"
"CR-01014","manufactura",76.5,7.1,0,"sin_colateral"
"CR-01015","comercio",295.3,4.8,0,"prendario"
"CR-01016","servicios",56.1,1.3,0,"hipotecario"
"CR-01017","manufactura",170,2.9,0,"hipotecario"
"CR-01018","construccion",108.4,1.7,1,"prendario"
"CR-01019","construccion",36.4,5.8,0.5711,"sin_colateral"
"CR-01020","comercio",91,8.7,0,"prendario"
"CR-01021","servicios",62.2,4.8,0,"prendario"
"CR-01022","comercio",106.9,1.9,0,"prendario"
"CR-01023","agro",92.9,8.3,1,"hipotecario"
"CR-01024","servicios",40.1,3.6,1,"sin_colateral"
"CR-01025","comercio",16.5,6.1,0,"hipotecario"
"CR-01026","servicios",77.3,10.9,0.1973,"hipotecario"
"CR-01027","manufactura",66.7,5.9,1,"sin_colateral"
"CR-01028","servicios",34.9,17.6,0,"hipotecario"
"CR-01029","agro",87.4,3.1,0,"hipotecario"
"CR-01030","servicios",45.3,3.1,0.2729,"sin_colateral"
"CR-01031","comercio",192.9,8.2,0.3365,"prendario"
"CR-01032","manufactura",61.6,8.1,0,"hipotecario"
"CR-01033","comercio",39.7,3,1,"sin_colateral"
"CR-01034","comercio",153.3,6.3,0.2925,"sin_colateral"
"CR-01035","servicios",9,5,0,"prendario"
"CR-01036","construccion",47.6,10.1,0.4064,"sin_colateral"
"CR-01037","manufactura",107.6,6.7,0,"prendario"
"CR-01038","manufactura",56.3,1.1,0,"sin_colateral"
"CR-01039","comercio",55.3,6.7,1,"sin_colateral"
"CR-01040","manufactura",90.8,0.7,0,"hipotecario"
"CR-01041","comercio",19.4,1.9,1,"prendario"
"CR-01042","comercio",37.3,7.2,0.3194,"prendario"
"CR-01043","construccion",38.9,10.4,0,"prendario"
"CR-01044","comercio",40.9,8.7,0,"hipotecario"
"CR-01045","comercio",114.8,3,0,"prendario"
"CR-01046","servicios",36,9.7,0.3148,"prendario"
"CR-01047","manufactura",47.2,6.9,0,"hipotecario"
"CR-01048","manufactura",28.9,5.5,0.1434,"hipotecario"
"CR-01049","comercio",14.7,15.2,0.4447,"prendario"
"CR-01050","construccion",236.2,12.3,0,"hipotecario"
"CR-01051","servicios",89.5,7.4,0,"hipotecario"
"CR-01052","construccion",43.4,1.9,0,"prendario"
"CR-01053","comercio",79.3,4.3,1,"prendario"
"CR-01054","comercio",56.6,0.9,0.3653,"sin_colateral"
"CR-01055","servicios",39.4,6.1,0.1878,"sin_colateral"
"CR-01056","comercio",26.1,2.1,0.5163,"prendario"
"CR-01057","comercio",38.2,11.5,0,"hipotecario"
"CR-01058","comercio",16.9,2.4,0.2725,"sin_colateral"
"CR-01059","agro",14.2,0.9,0,"hipotecario"
"CR-01060","agro",14.4,5.6,0.4662,"hipotecario"
"CR-01061","servicios",27.9,3.1,0,"prendario"
"CR-01062","manufactura",49.6,5.1,0,"hipotecario"
"CR-01063","comercio",23.7,4.7,0,"prendario"
"CR-01064","manufactura",118.4,6.1,0.5479,"prendario"
"CR-01065","agro",34.1,9.7,0.5997,"prendario"
"CR-01066","comercio",29.6,2.3,0,"prendario"
"CR-01067","manufactura",60.4,4.9,0,"prendario"
"CR-01068","comercio",51.3,20.8,0,"prendario"
"CR-01069","servicios",22.9,4.9,0,"prendario"
"CR-01070","comercio",135.4,4.2,0.4127,"prendario"
"CR-01071","agro",56.6,2,0,"prendario"
"CR-01072","construccion",128.9,3.4,0,"sin_colateral"
"CR-01073","servicios",85.9,4.5,0.4771,"hipotecario"
"CR-01074","agro",106.3,12.3,0,"sin_colateral"
"CR-01075","agro",22.7,17.3,1,"hipotecario"
"CR-01076","manufactura",30.7,3.7,0.3994,"sin_colateral"
"CR-01077","comercio",43.2,14.2,0.3551,"sin_colateral"
"CR-01078","manufactura",16.5,4.5,1,"hipotecario"
"CR-01079","servicios",79.9,3.2,0,"hipotecario"
"CR-01080","servicios",70.9,2.5,0,"sin_colateral"
"CR-01081","servicios",55.2,4.1,0.2246,"prendario"
"CR-01082","construccion",15.5,4.5,0,"hipotecario"
"CR-01083","construccion",36.9,1.4,0,"hipotecario"
"CR-01084","manufactura",86.9,9.1,0,"prendario"
"CR-01085","construccion",33.5,18.5,1,"sin_colateral"
"CR-01086","construccion",50.9,7.5,0,"prendario"
"CR-01087","servicios",60.5,3.9,0,"prendario"
"CR-01088","servicios",137.7,12.3,0.4407,"hipotecario"
"CR-01089","comercio",55.6,8.1,0,"hipotecario"
"CR-01090","construccion",40.4,11.1,0,"sin_colateral"
"CR-01091","manufactura",74.1,5.8,0.4516,"prendario"
"CR-01092","construccion",25.9,14.1,1,"hipotecario"
"CR-01093","manufactura",6.5,5.7,0,"prendario"
"CR-01094","manufactura",51.7,2.2,0.4794,"sin_colateral"
"CR-01095","manufactura",28.3,4.7,0,"sin_colateral"
"CR-01096","comercio",28.9,9.4,1,"sin_colateral"
"CR-01097","servicios",166.8,4.7,1,"sin_colateral"
"CR-01098","manufactura",85.6,3.4,1,"sin_colateral"
"CR-01099","comercio",110.1,3.8,0.2603,"prendario"
"CR-01100","agro",193.9,18.4,0,"hipotecario"
"CR-01101","construccion",24.2,3.7,0,"prendario"
"CR-01102","comercio",53.1,4.2,0,"prendario"
"CR-01103","servicios",125.4,5.4,0.4722,"prendario"
"CR-01104","manufactura",71,6.7,1,"sin_colateral"
"CR-01105","servicios",36.6,5.4,0,"hipotecario"
"CR-01106","comercio",51.8,2,1,"prendario"
"CR-01107","manufactura",20.6,6.4,0.2118,"prendario"
"CR-01108","servicios",114.8,12.4,0,"hipotecario"
"CR-01109","comercio",105.4,3.4,0.6797,"prendario"
"CR-01110","manufactura",31,4.1,0,"sin_colateral"
"CR-01111","agro",175.6,2,0.4414,"prendario"
"CR-01112","servicios",154.8,22.7,0,"prendario"
"CR-01113","comercio",16.7,7.6,0,"sin_colateral"
"CR-01114","agro",218.1,3.6,0,"prendario"
"CR-01115","comercio",44.2,8.1,0.271,"prendario"
"CR-01116","servicios",164.6,2.9,0.1526,"prendario"
"CR-01117","comercio",13.7,9.1,0.3376,"sin_colateral"
"CR-01118","manufactura",54.8,4.1,0.3517,"prendario"
"CR-01119","agro",60.6,1.7,0,"sin_colateral"
"CR-01120","comercio",40.8,8.3,0,"hipotecario"
"CR-01121","manufactura",79.7,10.1,1,"prendario"
"CR-01122","comercio",26.3,2.5,1,"sin_colateral"
"CR-01123","construccion",42.4,1.4,0,"hipotecario"
"CR-01124","servicios",23.7,14,0.3588,"prendario"
"CR-01125","comercio",61.7,7.3,0.4913,"sin_colateral"
"CR-01126","servicios",46.7,6.6,0.4639,"prendario"
"CR-01127","manufactura",51.8,5.6,1,"prendario"
"CR-01128","servicios",95.9,11.7,0.3585,"sin_colateral"
"CR-01129","manufactura",36.8,0.5,0.5367,"sin_colateral"
"CR-01130","servicios",42.6,7.4,0.175,"prendario"
"CR-01131","servicios",53.1,6.6,0,"prendario"
"CR-01132","servicios",45.1,10.5,1,"sin_colateral"
"CR-01133","manufactura",109.5,3.3,0.2178,"sin_colateral"
"CR-01134","comercio",118.9,2.9,0.3929,"prendario"
"CR-01135","construccion",259.2,6.4,0.6852,"sin_colateral"
"CR-01136","comercio",42.1,10.1,0,"prendario"
"CR-01137","manufactura",214.3,6.2,1,"prendario"
"CR-01138","manufactura",62.7,3.4,1,"sin_colateral"
"CR-01139","servicios",11.1,6.8,0.3136,"sin_colateral"
"CR-01140","manufactura",17.1,21.8,0.3237,"prendario"
"CR-01141","agro",21,12.5,0.2273,"prendario"
"CR-01142","servicios",21.6,5.5,0,"prendario"
"CR-01143","comercio",65.1,1.6,0,"prendario"
"CR-01144","servicios",202.2,8.9,0.1865,"sin_colateral"
"CR-01145","construccion",67.3,2.8,0,"prendario"
"CR-01146","construccion",40.8,18.3,0,"hipotecario"
"CR-01147","construccion",29.9,2.2,0,"prendario"
"CR-01148","construccion",171.9,4.7,0,"sin_colateral"
"CR-01149","agro",34.7,6.1,0.5434,"prendario"
"CR-01150","manufactura",103.3,2.7,0,"hipotecario"
"CR-01151","servicios",20.4,11.9,0,"hipotecario"
"CR-01152","comercio",34.9,3.8,0,"prendario"
"CR-01153","servicios",17.1,9.8,0,"hipotecario"
"CR-01154","comercio",34.1,19.6,0,"hipotecario"
"CR-01155","servicios",136.2,4.6,1,"prendario"
"CR-01156","servicios",41,6.3,0.1785,"sin_colateral"
"CR-01157","construccion",91.5,1,0,"sin_colateral"
"CR-01158","comercio",13.4,11.5,0.3236,"sin_colateral"
"CR-01159","servicios",41.9,0.9,0.4469,"sin_colateral"
"CR-01160","comercio",52.1,16.7,0.5134,"sin_colateral"
"CR-01161","manufactura",31.8,2.1,0,"hipotecario"
"CR-01162","construccion",85,12,1,"hipotecario"
"CR-01163","construccion",22.9,1.8,0,"sin_colateral"
"CR-01164","agro",70.9,6.7,1,"hipotecario"
"CR-01165","servicios",66.8,0.9,0,"hipotecario"
"CR-01166","servicios",93.8,5.7,0,"hipotecario"
"CR-01167","construccion",128.9,6.4,0,"sin_colateral"
"CR-01168","manufactura",117.5,3.8,0,"prendario"
"CR-01169","agro",144.4,3.9,0,"prendario"
"CR-01170","servicios",68.7,4.4,0,"sin_colateral"
"CR-01171","servicios",22.4,19.7,0.2728,"hipotecario"
"CR-01172","servicios",120.9,4.4,1,"sin_colateral"
"CR-01173","manufactura",213.7,10.8,0,"sin_colateral"
"CR-01174","servicios",75.7,14.3,0,"hipotecario"
"CR-01175","servicios",31.8,6.9,0.5044,"sin_colateral"
"CR-01176","comercio",67.2,5.6,0.3752,"prendario"
"CR-01177","manufactura",36.5,5.8,0.2855,"sin_colateral"
"CR-01178","manufactura",63.1,5.6,0,"prendario"
"CR-01179","comercio",65.9,4.5,0,"sin_colateral"
"CR-01180","manufactura",10.9,5.3,0,"sin_colateral"
"CR-01181","manufactura",211.2,1.4,0,"prendario"
"CR-01182","servicios",90.4,8.4,0.3416,"hipotecario"
"CR-01183","manufactura",88.8,4.9,0.1747,"prendario"
"CR-01184","comercio",36.7,7.3,0,"hipotecario"
"CR-01185","construccion",27.5,3.8,1,"hipotecario"
"CR-01186","manufactura",131.5,2.7,1,"hipotecario"
"CR-01187","servicios",16.7,2.5,0,"hipotecario"
"CR-01188","manufactura",139.7,8.4,0.4518,"sin_colateral"
"CR-01189","comercio",11.7,5.5,0,"prendario"
"CR-01190","manufactura",79.3,4.1,0,"hipotecario"
"CR-01191","manufactura",23.5,0.8,0.3345,"sin_colateral"
"CR-01192","servicios",26.5,7.1,0,"hipotecario"
"CR-01193","comercio",27.2,3.3,0.6713,"sin_colateral"
"CR-01194","comercio",64.9,10.3,0,"hipotecario"
"CR-01195","manufactura",160.4,6.9,1,"prendario"
"CR-01196","manufactura",66,3.6,0,"prendario"
"CR-01197","comercio",138.2,12.1,0.5519,"prendario"
"CR-01198","construccion",80.7,8.8,0,"prendario"
"CR-01199","comercio",7.6,2.8,0,"hipotecario"
"CR-01200","manufactura",64.3,0.9,0,"hipotecario"
"CR-01201","construccion",31.4,7,0,"hipotecario"
"CR-01202","manufactura",132,10.5,0.4127,"prendario"
"CR-01203","manufactura",19.8,4.1,0,"hipotecario"
"CR-01204","comercio",29.6,2.6,0.5101,"hipotecario"
"CR-01205","manufactura",47.7,21.7,0,"hipotecario"
"CR-01206","construccion",118.2,2.5,0,"hipotecario"
"CR-01207","servicios",44.4,3.7,0,"sin_colateral"
"CR-01208","servicios",127.1,5.1,0,"prendario"
"CR-01209","manufactura",101.2,5.1,1,"prendario"
"CR-01210","comercio",92,3.2,0.4386,"hipotecario"
"CR-01211","manufactura",8,7.5,0,"sin_colateral"
"CR-01212","servicios",45.8,7.3,1,"sin_colateral"
"CR-01213","comercio",57.9,13,1,"hipotecario"
"CR-01214","manufactura",138.9,6.7,0,"sin_colateral"
"CR-01215","manufactura",63,2.4,1,"sin_colateral"
"CR-01216","comercio",74,3.1,0,"sin_colateral"
"CR-01217","comercio",103.4,1.7,0,"sin_colateral"
"CR-01218","agro",76.9,15.7,1,"hipotecario"
"CR-01219","construccion",26.1,8.1,0,"prendario"
"CR-01220","comercio",14.7,6.1,0,"hipotecario"
"CR-01221","servicios",29.7,6.7,1,"sin_colateral"
"CR-01222","manufactura",13.4,7.2,0,"sin_colateral"
"CR-01223","comercio",17.1,1.9,0.6361,"prendario"
"CR-01224","comercio",60.2,14.5,0,"prendario"
"CR-01225","agro",58.2,3.1,0,"prendario"
"CR-01226","manufactura",24.2,1.9,0.2305,"prendario"
"CR-01227","manufactura",70.5,5.1,0,"sin_colateral"
"CR-01228","agro",31.1,4.4,0,"prendario"
"CR-01229","manufactura",108.2,6.6,1,"prendario"
"CR-01230","manufactura",23.9,4.8,0,"sin_colateral"
"CR-01231","comercio",82.1,4.3,0,"prendario"
"CR-01232","construccion",26.3,28.4,0,"prendario"
"CR-01233","manufactura",45.3,4.4,0,"hipotecario"
"CR-01234","servicios",16,3,0,"sin_colateral"
"CR-01235","comercio",27.7,15,0.3093,"sin_colateral"
"CR-01236","comercio",206.3,5,1,"sin_colateral"
"CR-01237","servicios",36.5,1.2,0.4554,"hipotecario"
"CR-01238","construccion",24.8,4.1,1,"sin_colateral"
"CR-01239","servicios",43,0.9,0.327,"sin_colateral"
"CR-01240","comercio",146.4,4.9,0.591,"prendario"
"CR-01241","construccion",85.6,10.1,0,"prendario"
"CR-01242","agro",48.9,9.2,1,"hipotecario"
"CR-01243","comercio",316.2,7.7,0,"prendario"
"CR-01244","comercio",57.7,6.7,0,"sin_colateral"
"CR-01245","comercio",97.9,1,0.3272,"sin_colateral"
"CR-01246","comercio",22.3,9,0.3879,"prendario"
"CR-01247","servicios",117.5,10.8,0,"prendario"
"CR-01248","manufactura",56.3,2.5,0.3505,"sin_colateral"
"CR-01249","servicios",53.7,1.8,0.3775,"prendario"
"CR-01250","manufactura",180.3,4.3,0.5221,"sin_colateral"
"CR-01251","agro",75.1,1,0.4494,"prendario"
"CR-01252","manufactura",130.8,4.7,1,"sin_colateral"
"CR-01253","manufactura",76.1,14.7,0,"prendario"
"CR-01254","agro",32,9.7,0,"prendario"
"CR-01255","servicios",17.6,2.6,0,"hipotecario"
"CR-01256","comercio",67.6,9.2,1,"sin_colateral"
"CR-01257","servicios",31.8,10.1,0,"prendario"
"CR-01258","comercio",69.4,5.1,0.4109,"sin_colateral"
"CR-01259","manufactura",70.1,3.6,0.3248,"prendario"
"CR-01260","servicios",22.9,9.3,1,"prendario"
"CR-01261","comercio",41.1,11.1,0,"prendario"
"CR-01262","agro",25.9,10,0.3096,"hipotecario"
"CR-01263","comercio",255.1,12.9,0,"sin_colateral"
"CR-01264","comercio",118.1,4.2,0.3414,"prendario"
"CR-01265","servicios",45.4,17.6,0.3445,"prendario"
"CR-01266","servicios",161.7,25.9,0.0759,"sin_colateral"
"CR-01267","servicios",100.4,8.4,0,"prendario"
"CR-01268","agro",48.3,9.6,0,"prendario"
"CR-01269","comercio",42.5,2,1,"sin_colateral"
"CR-01270","manufactura",27.7,4.8,0,"sin_colateral"
"CR-01271","manufactura",77.3,4.1,0,"prendario"
"CR-01272","servicios",43.2,3.6,0,"prendario"
"CR-01273","comercio",67.3,17.3,0,"sin_colateral"
"CR-01274","manufactura",133.3,4.9,0,"hipotecario"
"CR-01275","construccion",134.4,4.1,0.4493,"sin_colateral"
"CR-01276","construccion",63.6,3.6,0,"hipotecario"
"CR-01277","manufactura",54.8,14.6,1,"hipotecario"
"CR-01278","comercio",180.4,5.8,0.4632,"hipotecario"
"CR-01279","manufactura",32.5,5.6,0,"hipotecario"
"CR-01280","manufactura",11.3,10.5,0,"prendario"
"CR-01281","servicios",34.6,12.1,0,"prendario"
"CR-01282","servicios",16.2,10.4,0.2044,"hipotecario"
"CR-01283","comercio",37.8,9.6,0,"prendario"
"CR-01284","manufactura",60.7,8.3,1,"hipotecario"
"CR-01285","construccion",144.6,3.9,0.5875,"prendario"
"CR-01286","servicios",63.9,5.2,1,"hipotecario"
"CR-01287","comercio",74.3,1.6,1,"sin_colateral"
"CR-01288","servicios",134.1,9.3,0.4313,"prendario"
"CR-01289","comercio",31,3.4,0.4663,"sin_colateral"
"CR-01290","construccion",129.9,3.2,1,"prendario"
"CR-01291","comercio",57.7,3.9,1,"hipotecario"
"CR-01292","construccion",83.6,13.2,0.5239,"hipotecario"
"CR-01293","manufactura",54,0.5,0.408,"prendario"
"CR-01294","manufactura",30.7,7,0,"prendario"
"CR-01295","manufactura",109.8,1.2,0,"prendario"
"CR-01296","agro",41.1,4.4,0.3467,"prendario"
"CR-01297","comercio",73.2,11.5,0,"prendario"
"CR-01298","manufactura",53,1.1,1,"prendario"
"CR-01299","manufactura",27.1,2.8,1,"hipotecario"
"CR-01300","manufactura",8.7,14.4,0,"sin_colateral"
"CR-01301","servicios",37.5,0.2,0.3439,"sin_colateral"
"CR-01302","comercio",63.7,2.9,0,"hipotecario"
"CR-01303","servicios",42.8,3.3,1,"sin_colateral"
"CR-01304","servicios",27.7,6.6,0.1347,"hipotecario"
"CR-01305","manufactura",15.7,15,0.3957,"prendario"
"CR-01306","construccion",55.8,4.8,0,"prendario"
"CR-01307","comercio",57.8,4.4,0,"sin_colateral"
"CR-01308","comercio",155.9,6,0,"hipotecario"
"CR-01309","servicios",60.5,3.6,0,"hipotecario"
"CR-01310","construccion",176.8,17.7,0.6486,"sin_colateral"
"CR-01311","agro",55.7,8.8,1,"prendario"
"CR-01312","servicios",37.6,6.1,0,"prendario"
"CR-01313","comercio",70.3,8.9,0,"prendario"
"CR-01314","comercio",52,13.4,0.3815,"prendario"
"CR-01315","agro",50.8,3.4,0,"prendario"
"CR-01316","comercio",18.7,2.5,0,"hipotecario"
"CR-01317","construccion",41.2,4.3,1,"sin_colateral"
"CR-01318","construccion",15.7,10.4,0,"hipotecario"
"CR-01319","comercio",38.1,7.1,1,"hipotecario"
"CR-01320","servicios",113.7,2.7,0,"prendario"
"CR-01321","comercio",2.9,6.3,0.4801,"prendario"
"CR-01322","servicios",30.6,2.9,0.2591,"sin_colateral"
"CR-01323","manufactura",41.6,5.3,0,"prendario"
"CR-01324","comercio",20.6,12,0,"hipotecario"
"CR-01325","manufactura",18.1,10.4,0.5108,"prendario"
"CR-01326","construccion",230.7,5.4,0.4394,"prendario"
"CR-01327","comercio",96.9,8.5,0,"hipotecario"
"CR-01328","comercio",22.2,4.8,0.3605,"sin_colateral"
"CR-01329","comercio",64.2,2.9,0,"prendario"
"CR-01330","construccion",35.8,20.2,1,"prendario"
"CR-01331","servicios",24,6.2,0.4113,"hipotecario"
"CR-01332","comercio",82.4,4.4,0,"hipotecario"
"CR-01333","servicios",95.9,2.2,0,"prendario"
"CR-01334","manufactura",23.6,10,0,"prendario"
"CR-01335","comercio",317.5,3.4,0.4921,"hipotecario"
"CR-01336","servicios",22.8,3.3,1,"sin_colateral"
"CR-01337","manufactura",107.7,8.8,0.2914,"sin_colateral"
"CR-01338","servicios",54.4,8.6,0.5316,"hipotecario"
"CR-01339","comercio",38.9,3.1,0,"sin_colateral"
"CR-01340","construccion",49.5,0.2,1,"sin_colateral"
"CR-01341","comercio",167.6,5.6,0.3186,"sin_colateral"
"CR-01342","comercio",149.7,5.6,1,"prendario"
"CR-01343","comercio",55.2,2.3,0,"sin_colateral"
"CR-01344","manufactura",116.1,3.5,0.2977,"sin_colateral"
"CR-01345","comercio",51.6,14.6,0,"hipotecario"
"CR-01346","construccion",116.8,7.2,0,"hipotecario"
"CR-01347","manufactura",49.2,6.6,1,"hipotecario"
"CR-01348","comercio",196.5,4.9,0,"prendario"
"CR-01349","comercio",12.9,5.5,1,"sin_colateral"
"CR-01350","manufactura",160,3.9,0,"prendario"
"CR-01351","servicios",64.4,1.8,0.1824,"sin_colateral"
"CR-01352","manufactura",129.6,3.2,0.4304,"sin_colateral"
"CR-01353","comercio",236.2,1.8,0.5043,"prendario"
"CR-01354","construccion",130.9,3.6,1,"hipotecario"
"CR-01355","agro",298,2.7,0.5002,"sin_colateral"
"CR-01356","comercio",93.6,11.1,0,"sin_colateral"
"CR-01357","comercio",11.7,10.9,0,"sin_colateral"
"CR-01358","manufactura",35.3,4.4,0,"hipotecario"
"CR-01359","servicios",128.8,5.2,0,"prendario"
"CR-01360","comercio",35.6,6.5,0,"hipotecario"
"CR-01361","agro",76.1,5.8,0.2811,"sin_colateral"
"CR-01362","manufactura",36.1,12.5,0.239,"prendario"
"CR-01363","comercio",79.7,7.5,0,"prendario"
"CR-01364","construccion",54.5,0.2,1,"sin_colateral"
"CR-01365","manufactura",52.5,4,0,"hipotecario"
"CR-01366","comercio",89.8,13.2,1,"prendario"
"CR-01367","comercio",178.3,2.4,0,"prendario"
"CR-01368","comercio",38.6,8,1,"hipotecario"
"CR-01369","manufactura",21,4.4,0.3777,"sin_colateral"
"CR-01370","construccion",137.6,2.4,0,"hipotecario"
"CR-01371","servicios",17.7,1.8,0,"sin_colateral"
"CR-01372","agro",71.4,5.8,0,"hipotecario"
"CR-01373","comercio",101.6,15.9,0.3578,"hipotecario"
"CR-01374","manufactura",66.2,3.1,0,"hipotecario"
"CR-01375","comercio",242.9,1.8,0,"prendario"
"CR-01376","comercio",50.3,8.4,0,"sin_colateral"
"CR-01377","comercio",138,0.6,0.5187,"hipotecario"
"CR-01378","construccion",173.4,9.1,1,"hipotecario"
"CR-01379","servicios",53,10.3,0.2435,"prendario"
"CR-01380","manufactura",86.8,4.9,0,"hipotecario"
"CR-01381","servicios",29.3,7.3,0,"sin_colateral"
"CR-01382","comercio",148.2,16.4,0,"sin_colateral"
"CR-01383","comercio",97.1,1.2,0.606,"sin_colateral"
"CR-01384","agro",14.3,9.5,1,"prendario"
"CR-01385","comercio",60.3,6.7,1,"sin_colateral"
"CR-01386","comercio",82.1,4.3,0,"hipotecario"
"CR-01387","comercio",112.6,2,0.3224,"sin_colateral"
"CR-01388","servicios",56.5,5.2,0,"prendario"
"CR-01389","construccion",22.6,15.6,0.6211,"prendario"
"CR-01390","servicios",50.3,2.9,0.4771,"sin_colateral"
"CR-01391","comercio",234.9,7.9,1,"sin_colateral"
"CR-01392","construccion",24.1,1.7,0.4253,"prendario"
"CR-01393","construccion",24.4,2.3,0,"prendario"
"CR-01394","manufactura",39.5,5.2,0,"prendario"
"CR-01395","agro",8.1,6.3,0.5678,"prendario"
"CR-01396","agro",19.6,5.2,0,"sin_colateral"
"CR-01397","agro",13.7,13.1,0,"prendario"
"CR-01398","agro",134.5,8.9,1,"hipotecario"
"CR-01399","comercio",119.5,7.8,1,"prendario"
"CR-01400","manufactura",22.2,11.5,0.1249,"hipotecario"
"CR-01401","construccion",80.7,3.6,0,"hipotecario"
"CR-01402","construccion",40.9,7.2,0.5485,"sin_colateral"
"CR-01403","comercio",57.9,6,0,"hipotecario"
"CR-01404","manufactura",184.4,1.9,0,"hipotecario"
"CR-01405","servicios",11.2,1.9,0,"prendario"
"CR-01406","manufactura",43.2,11.8,0,"prendario"
"CR-01407","servicios",71.8,21,0,"prendario"
"CR-01408","comercio",11.1,5.6,0,"hipotecario"
"CR-01409","servicios",58,16.6,1,"sin_colateral"
"CR-01410","comercio",113,3.2,0,"sin_colateral"
"CR-01411","manufactura",47.2,6.7,1,"sin_colateral"
"CR-01412","construccion",57.7,7.5,0.6605,"prendario"
"CR-01413","servicios",55.9,12,0,"prendario"
"CR-01414","servicios",65.8,4.4,0,"hipotecario"
"CR-01415","servicios",89.6,2.5,1,"sin_colateral"
"CR-01416","servicios",48.4,9.2,1,"prendario"
"CR-01417","comercio",11.3,1,0,"prendario"
"CR-01418","construccion",181.6,0.7,0,"hipotecario"
"CR-01419","manufactura",29.4,10.7,0,"prendario"
"CR-01420","comercio",36.6,7.5,0,"prendario"
"CR-01421","servicios",37.9,3.7,0,"sin_colateral"
"CR-01422","comercio",65.3,12.7,1,"prendario"
"CR-01423","servicios",49.8,5.1,0,"sin_colateral"
"CR-01424","comercio",75,6.6,1,"hipotecario"
"CR-01425","servicios",37.5,3.8,0,"hipotecario"
"CR-01426","manufactura",57.1,2.3,0,"prendario"
"CR-01427","agro",68,3.8,0,"sin_colateral"
"CR-01428","construccion",99.6,8.5,0.7975,"sin_colateral"
"CR-01429","manufactura",35.1,3.8,0,"sin_colateral"
"CR-01430","agro",68.5,5.9,0,"hipotecario"
"CR-01431","manufactura",77.7,5.5,0,"prendario"
"CR-01432","servicios",53,7.2,1,"hipotecario"
"CR-01433","manufactura",44.4,1.5,1,"hipotecario"
"CR-01434","servicios",128.4,3.9,0,"hipotecario"
"CR-01435","agro",68.5,5.4,0,"hipotecario"
"CR-01436","servicios",6.1,9.5,0.2687,"prendario"
"CR-01437","comercio",47.7,19.2,0,"prendario"
"CR-01438","comercio",38.6,15.2,1,"prendario"
"CR-01439","construccion",64.5,7.8,1,"sin_colateral"
"CR-01440","construccion",74,9.1,0,"prendario"
"CR-01441","construccion",75.1,3.7,0.5554,"sin_colateral"
"CR-01442","agro",97.1,5.1,0.5313,"prendario"
"CR-01443","comercio",22.7,1.8,0,"prendario"
"CR-01444","comercio",15.5,3.5,0,"prendario"
"CR-01445","construccion",48.6,15.7,1,"prendario"
"CR-01446","servicios",43.4,15.5,0,"hipotecario"
"CR-01447","servicios",97.8,3.4,0,"prendario"
"CR-01448","manufactura",149.4,13,0,"sin_colateral"
"CR-01449","construccion",49.6,7.2,0,"hipotecario"
"CR-01450","comercio",13.6,0.6,1,"prendario"
"CR-01451","comercio",159.8,7.2,0,"hipotecario"
"CR-01452","manufactura",76.1,11.1,1,"prendario"
"CR-01453","comercio",47.1,16.6,0,"sin_colateral"
"CR-01454","construccion",95.1,7,1,"sin_colateral"
"CR-01455","manufactura",55.7,14.3,1,"hipotecario"
"CR-01456","comercio",368.2,13.5,0.2636,"hipotecario"
"CR-01457","servicios",34.3,6.7,0,"prendario"
"CR-01458","servicios",59.6,6.6,0,"hipotecario"
"CR-01459","manufactura",22.3,11.2,0,"sin_colateral"
"CR-01460","agro",17.3,4.9,0,"hipotecario"
"CR-01461","manufactura",99.1,14,0,"prendario"
"CR-01462","comercio",154.8,3.4,0,"prendario"
"CR-01463","servicios",97.7,6.4,0,"prendario"
"CR-01464","comercio",17.7,4.1,0.4497,"sin_colateral"
"CR-01465","construccion",76,25.3,0,"hipotecario"
"CR-01466","comercio",24.7,3.5,0,"hipotecario"
"CR-01467","agro",75.2,4.1,0,"sin_colateral"
"CR-01468","comercio",9.7,5.2,0,"hipotecario"
"CR-01469","servicios",144.4,15.2,0.4454,"prendario"
"CR-01470","construccion",244.8,3.7,0,"hipotecario"
"CR-01471","comercio",61.9,11.7,0,"hipotecario"
"CR-01472","manufactura",157.9,2.6,0.6111,"prendario"
"CR-01473","comercio",29.9,9.9,0,"hipotecario"
"CR-01474","manufactura",46.6,4.5,0,"hipotecario"
"CR-01475","agro",103.4,2.5,0,"hipotecario"
"CR-01476","manufactura",56.3,3,1,"prendario"
"CR-01477","manufactura",19.6,13.1,0,"hipotecario"
"CR-01478","comercio",47.4,5.5,0,"sin_colateral"
"CR-01479","servicios",40.2,4.7,1,"sin_colateral"
"CR-01480","comercio",38,4.6,0.4541,"sin_colateral"
"CR-01481","servicios",100.1,3.1,0.1736,"hipotecario"
"CR-01482","manufactura",182.5,1.4,0,"sin_colateral"
"CR-01483","servicios",64.9,8,0,"hipotecario"
"CR-01484","servicios",72.4,4.7,0.5253,"sin_colateral"
"CR-01485","manufactura",94.9,3.3,0.3594,"hipotecario"
"CR-01486","servicios",54.7,4.7,0.3496,"sin_colateral"
"CR-01487","manufactura",319,2.2,0.4096,"hipotecario"
"CR-01488","agro",68.5,1.8,0,"hipotecario"
"CR-01489","servicios",70,3.4,0.2381,"sin_colateral"
"CR-01490","comercio",209,0.4,0.6185,"sin_colateral"
"CR-01491","comercio",9,11,0,"hipotecario"
"CR-01492","manufactura",78.7,1.6,0,"sin_colateral"
"CR-01493","manufactura",39.8,4.6,0,"sin_colateral"
"CR-01494","comercio",35.1,4.3,0,"hipotecario"
"CR-01495","comercio",48.3,8.1,0.5183,"hipotecario"
"CR-01496","construccion",404.4,3.4,0,"prendario"
"CR-01497","comercio",77.3,3.2,0,"hipotecario"
"CR-01498","servicios",41.6,4.4,0,"prendario"
"CR-01499","servicios",20.6,6.4,1,"hipotecario"
"CR-01500","agro",274.3,9.5,1,"hipotecario"
"CR-01501","servicios",25.3,6.1,0,"prendario"
"CR-01502","manufactura",75.8,3,0.4874,"sin_colateral"
"CR-01503","manufactura",102.3,11.5,1,"prendario"
"CR-01504","comercio",96.6,5.3,0,"hipotecario"
"CR-01505","servicios",32,11.6,0.3162,"sin_colateral"
"CR-01506","comercio",27.6,1,0,"sin_colateral"
"CR-01507","manufactura",22.5,0.4,0,"prendario"
"CR-01508","comercio",70.4,10.4,1,"prendario"
"CR-01509","manufactura",68.5,7.5,0,"hipotecario"
"CR-01510","manufactura",47,4.1,1,"prendario"
"CR-01511","comercio",19.7,13.3,0.5767,"sin_colateral"
"CR-01512","agro",16.2,2.7,0.3317,"hipotecario"
"CR-01513","construccion",137.5,2.4,0,"prendario"
"CR-01514","comercio",53,11,0,"prendario"
"CR-01515","agro",59.9,12.7,0,"prendario"
"CR-01516","comercio",110.9,4,0,"hipotecario"
"CR-01517","construccion",79.6,9.5,0.5098,"prendario"
"CR-01518","servicios",25.8,0.9,0,"prendario"
"CR-01519","servicios",21.2,2.2,0,"sin_colateral"
"CR-01520","manufactura",15.2,1.3,0,"sin_colateral"
"CR-01521","manufactura",23.5,10,0,"prendario"
"CR-01522","comercio",60.1,2.5,1,"hipotecario"
"CR-01523","manufactura",70.4,6.4,0.2577,"sin_colateral"
"CR-01524","servicios",24.3,10.4,0,"prendario"
"CR-01525","servicios",180.4,7.7,1,"prendario"
"CR-01526","construccion",74.2,8.8,0,"sin_colateral"
"CR-01527","comercio",353.7,11.5,0.4639,"prendario"
"CR-01528","agro",102.1,6.8,0,"prendario"
"CR-01529","construccion",50.1,9.3,0,"hipotecario"
"CR-01530","servicios",118.8,8.6,1,"sin_colateral"
"CR-01531","servicios",73.2,0.4,1,"prendario"
"CR-01532","manufactura",81.1,9.8,0.3941,"prendario"
"CR-01533","manufactura",156,2.9,0,"hipotecario"
"CR-01534","manufactura",188.7,7.4,0,"prendario"
"CR-01535","manufactura",57.7,4,0.396,"hipotecario"
"CR-01536","comercio",58,6.5,0,"prendario"
"CR-01537","servicios",79.8,18.7,0,"sin_colateral"
"CR-01538","comercio",33.8,3.1,0,"prendario"
"CR-01539","construccion",183.9,13.1,0,"hipotecario"
"CR-01540","agro",111,9.7,0.3037,"sin_colateral"
"CR-01541","agro",23.9,8.7,0.4805,"prendario"
"CR-01542","comercio",44.2,6.2,0.4832,"prendario"
"CR-01543","comercio",60,9,0,"prendario"
"CR-01544","servicios",135.4,5.5,1,"hipotecario"
"CR-01545","comercio",120,6.3,0,"hipotecario"
"CR-01546","manufactura",159.3,8.4,1,"hipotecario"
"CR-01547","agro",188,0.7,0,"prendario"
"CR-01548","comercio",71,4.1,0.333,"prendario"
"CR-01549","manufactura",55.8,15.3,0,"prendario"
"CR-01550","manufactura",49.1,7.3,0,"hipotecario"
"CR-01551","agro",46.6,9.6,0,"hipotecario"
"CR-01552","agro",182.7,8.5,0,"prendario"
"CR-01553","comercio",316.8,8.2,0.6771,"prendario"
"CR-01554","manufactura",151.7,7.4,0.3554,"hipotecario"
"CR-01555","construccion",99.8,10.6,0,"prendario"
"CR-01556","construccion",305.2,4.4,0,"prendario"
"CR-01557","comercio",49.1,7.4,1,"hipotecario"
"CR-01558","construccion",17,2.1,0,"hipotecario"
"CR-01559","comercio",9.6,4.4,0,"hipotecario"
"CR-01560","comercio",39.9,8.1,0,"prendario"
"CR-01561","servicios",38,9.5,0.5359,"hipotecario"
"CR-01562","manufactura",41.4,0.5,0.1946,"prendario"
"CR-01563","manufactura",41.1,3.2,0.3493,"prendario"
"CR-01564","construccion",41.2,3.3,0.8102,"sin_colateral"
"CR-01565","comercio",21.1,4.3,0,"sin_colateral"
"CR-01566","comercio",139.8,10.1,0.3775,"prendario"
"CR-01567","comercio",34.6,2.7,0.5506,"prendario"
"CR-01568","comercio",44.3,6.8,0.3807,"sin_colateral"
"CR-01569","servicios",26.6,10.1,0,"hipotecario"
"CR-01570","servicios",9.1,7.2,0,"hipotecario"
"CR-01571","comercio",66.1,6.1,0.2708,"sin_colateral"
"CR-01572","comercio",97.1,8.9,0,"prendario"
"CR-01573","construccion",32.1,5.5,0.4825,"hipotecario"
"CR-01574","agro",182.2,3,0,"hipotecario"
"CR-01575","agro",83,3.6,0.2609,"hipotecario"
"CR-01576","comercio",12.8,14.5,0,"hipotecario"
"CR-01577","comercio",141,10.8,0,"prendario"
"CR-01578","servicios",292.5,0.8,0.3879,"prendario"
"CR-01579","comercio",28.1,18,0,"hipotecario"
"CR-01580","agro",24.8,2.8,0,"sin_colateral"
"CR-01581","comercio",56.7,8.1,0.4411,"sin_colateral"
"CR-01582","agro",66.4,7.7,1,"sin_colateral"
"CR-01583","construccion",43.4,5.7,0,"hipotecario"
"CR-01584","construccion",47,10.1,0,"sin_colateral"
"CR-01585","comercio",44.6,0.9,0,"sin_colateral"
"CR-01586","agro",86.4,6.4,1,"sin_colateral"
"CR-01587","construccion",83.8,15.1,0,"hipotecario"
"CR-01588","comercio",70,5.8,0,"prendario"
"CR-01589","manufactura",67.5,1,0,"hipotecario"
"CR-01590","comercio",51.5,11,0.5681,"prendario"
"CR-01591","comercio",65.1,3,0,"sin_colateral"
"CR-01592","servicios",164,6.1,0,"hipotecario"
"CR-01593","comercio",131.2,3.3,0,"hipotecario"
"CR-01594","comercio",22.3,1.9,1,"sin_colateral"
"CR-01595","manufactura",104.1,2.2,0,"prendario"
"CR-01596","construccion",22.8,15.2,0,"sin_colateral"
"CR-01597","agro",38.2,8.2,0,"hipotecario"
"CR-01598","comercio",125.4,6.4,0,"prendario"
"CR-01599","servicios",64.7,4.1,1,"prendario"
"CR-01600","servicios",124.8,4.6,0,"prendario"
"CR-01601","comercio",43,4.7,1,"hipotecario"
"CR-01602","construccion",55.1,1.7,0,"hipotecario"
"CR-01603","manufactura",6.5,4.4,0.2785,"prendario"
"CR-01604","comercio",60.6,9.7,0,"sin_colateral"
"CR-01605","comercio",73,8,0.4253,"sin_colateral"
"CR-01606","servicios",173.8,13.2,0,"sin_colateral"
"CR-01607","comercio",403.3,9.9,1,"sin_colateral"
"CR-01608","manufactura",57.9,3.7,0,"prendario"
"CR-01609","construccion",29.9,3.1,0,"prendario"
"CR-01610","comercio",62,11.4,0,"sin_colateral"
"CR-01611","manufactura",20.9,1.2,0.3146,"hipotecario"
"CR-01612","manufactura",62.1,6.7,0,"prendario"
"CR-01613","construccion",50.3,2.2,1,"sin_colateral"
"CR-01614","construccion",93.9,19.2,0,"hipotecario"
"CR-01615","servicios",47.1,2.9,1,"sin_colateral"
"CR-01616","manufactura",72.3,1.8,0,"prendario"
"CR-01617","manufactura",183.4,10,0.3659,"hipotecario"
"CR-01618","construccion",46.6,4.6,0,"sin_colateral"
"CR-01619","agro",39.7,0.6,0,"hipotecario"
"CR-01620","agro",103,3,0,"hipotecario"
"CR-01621","comercio",13.7,4,0,"hipotecario"
"CR-01622","comercio",51.2,11.2,0,"prendario"
"CR-01623","servicios",12.4,4.5,0.0999,"hipotecario"
"CR-01624","manufactura",32.2,6.9,1,"sin_colateral"
"CR-01625","agro",298,1.8,1,"prendario"
"CR-01626","manufactura",181.3,5.5,0,"prendario"
"CR-01627","manufactura",168.9,12.8,0,"prendario"
"CR-01628","comercio",150.9,4.3,0,"hipotecario"
"CR-01629","agro",107.9,6,1,"prendario"
"CR-01630","agro",17.1,7.4,1,"sin_colateral"
"CR-01631","comercio",137.1,13.2,0.394,"prendario"
"CR-01632","agro",63.9,2.4,0.4109,"prendario"
"CR-01633","servicios",23.1,7.6,0.4726,"hipotecario"
"CR-01634","comercio",137.6,11.7,1,"prendario"
"CR-01635","comercio",68.1,2.8,1,"prendario"
"CR-01636","manufactura",56.2,3.7,0,"hipotecario"
"CR-01637","comercio",128.7,2.5,1,"prendario"
"CR-01638","agro",77.7,5.9,0,"prendario"
"CR-01639","comercio",14.4,8.8,0,"sin_colateral"
"CR-01640","construccion",51.3,5.5,0.6375,"sin_colateral"
"CR-01641","agro",23.5,1.9,0,"prendario"
"CR-01642","servicios",172.7,8.4,0.2673,"sin_colateral"
"CR-01643","manufactura",229.7,5.4,0.2401,"prendario"
"CR-01644","construccion",20.9,8.8,0.4042,"hipotecario"
"CR-01645","comercio",52.3,4.9,0,"hipotecario"
"CR-01646","servicios",45.2,9.2,0,"prendario"
"CR-01647","construccion",117.5,12.1,0,"prendario"
"CR-01648","manufactura",46.8,8,1,"sin_colateral"
"CR-01649","comercio",65,8.9,0.4142,"hipotecario"
"CR-01650","comercio",58.7,3.7,0,"prendario"
"CR-01651","servicios",14.1,22.4,1,"sin_colateral"
"CR-01652","servicios",32.1,12.2,0,"prendario"
"CR-01653","servicios",28.2,1.7,0,"hipotecario"
"CR-01654","manufactura",18.7,9.6,1,"sin_colateral"
"CR-01655","manufactura",41.3,15.8,0.4662,"hipotecario"
"CR-01656","manufactura",20.3,2.8,0.3536,"prendario"
"CR-01657","manufactura",132.7,3.1,0.3996,"hipotecario"
"CR-01658","construccion",51.7,1.1,0.6806,"prendario"
"CR-01659","agro",53.3,6,1,"prendario"
"CR-01660","agro",79.4,14.5,0.3031,"sin_colateral"
"CR-01661","manufactura",40.3,1.4,1,"hipotecario"
"CR-01662","comercio",91.3,9,0,"prendario"
"CR-01663","agro",152.7,18,0.3435,"prendario"
"CR-01664","servicios",36.1,6.9,0.2472,"prendario"
"CR-01665","manufactura",27.2,2.8,0.5504,"sin_colateral"
"CR-01666","servicios",279.6,22.4,1,"hipotecario"
"CR-01667","manufactura",48.8,3.7,1,"sin_colateral"
"CR-01668","comercio",77.3,2.8,0,"sin_colateral"
"CR-01669","comercio",137.7,0.8,1,"prendario"
"CR-01670","comercio",65.4,13.6,0,"hipotecario"
"CR-01671","comercio",18.2,4.9,0,"hipotecario"
"CR-01672","comercio",26.5,4.8,0,"prendario"
"CR-01673","comercio",22.2,9,0,"sin_colateral"
"CR-01674","comercio",25.3,12,0.4352,"prendario"
"CR-01675","manufactura",237.3,3,1,"sin_colateral"
"CR-01676","manufactura",40.1,5.1,0.3634,"sin_colateral"
"CR-01677","comercio",41.7,2.5,1,"prendario"
"CR-01678","manufactura",68.1,10.6,1,"sin_colateral"
"CR-01679","agro",20.3,13.6,0,"sin_colateral"
"CR-01680","comercio",32.5,3.9,1,"hipotecario"
"CR-01681","servicios",51.3,4,1,"prendario"
"CR-01682","servicios",24.7,1.3,0.2158,"sin_colateral"
"CR-01683","manufactura",26.1,1.3,0.3728,"prendario"
"CR-01684","comercio",10.2,2.3,0,"prendario"
"CR-01685","construccion",13.8,6.4,0,"sin_colateral"
"CR-01686","comercio",90.7,10.6,1,"prendario"
"CR-01687","comercio",41.1,8.6,0,"prendario"
"CR-01688","manufactura",73.2,4.5,0,"hipotecario"
"CR-01689","servicios",4.8,2.6,0.202,"prendario"
"CR-01690","construccion",34.9,4.6,1,"prendario"
"CR-01691","servicios",120,21.3,0.2149,"prendario"
"CR-01692","comercio",27.4,9,0,"hipotecario"
"CR-01693","manufactura",163.8,8.6,0,"hipotecario"
"CR-01694","agro",48.5,5.3,0,"prendario"
"CR-01695","manufactura",59.5,18.5,0.2963,"prendario"
"CR-01696","manufactura",52.7,6,0,"hipotecario"
"CR-01697","manufactura",64.3,6.9,0,"prendario"
"CR-01698","construccion",71.9,2.7,0,"sin_colateral"
"CR-01699","manufactura",27.9,10.2,0,"hipotecario"
"CR-01700","manufactura",73.5,10.8,1,"sin_colateral"
"CR-01701","agro",20.6,4.7,1,"sin_colateral"
"CR-01702","comercio",121.9,11.1,0.5565,"sin_colateral"
"CR-01703","manufactura",159.3,5.9,0,"prendario"
"CR-01704","servicios",81.7,5.6,0,"prendario"
"CR-01705","comercio",22.1,2.2,0.4142,"prendario"
"CR-01706","manufactura",33.2,10.8,0.3638,"sin_colateral"
"CR-01707","comercio",12.9,26.2,0,"hipotecario"
"CR-01708","comercio",134.2,7.6,0,"hipotecario"
"CR-01709","comercio",40.1,12,1,"hipotecario"
"CR-01710","agro",75.8,5.3,0,"hipotecario"
"CR-01711","servicios",42.3,6.3,0,"prendario"
"CR-01712","construccion",27.3,11.6,0,"prendario"
"CR-01713","manufactura",31.1,7.9,0,"hipotecario"
"CR-01714","manufactura",61.8,6.3,1,"hipotecario"
"CR-01715","servicios",38.2,7.4,0,"prendario"
"CR-01716","agro",55.1,3.9,0,"prendario"
"CR-01717","servicios",34.5,7.5,0,"hipotecario"
"CR-01718","comercio",43.9,18.2,0,"hipotecario"
"CR-01719","comercio",209.1,12.5,0,"prendario"
"CR-01720","comercio",58.8,20.5,0.3997,"hipotecario"
"CR-01721","comercio",68.1,4.1,0.2934,"sin_colateral"
"CR-01722","manufactura",63.4,19.5,0,"hipotecario"
"CR-01723","agro",67.8,14.7,0,"hipotecario"
"CR-01724","servicios",120.9,7.6,0,"hipotecario"
"CR-01725","servicios",83.8,0.6,0.1081,"sin_colateral"
"CR-01726","manufactura",14.8,6.1,0,"prendario"
"CR-01727","manufactura",108.2,2.4,0.3551,"hipotecario"
"CR-01728","comercio",38.2,10.3,0,"prendario"
"CR-01729","servicios",80.5,8.1,0.2656,"prendario"
"CR-01730","comercio",40.1,4.5,0,"sin_colateral"
"CR-01731","servicios",25.7,10.5,0.2138,"sin_colateral"
"CR-01732","comercio",36.4,4.4,1,"hipotecario"
"CR-01733","comercio",30.3,2.8,0,"hipotecario"
"CR-01734","manufactura",49.2,4.9,0,"prendario"
"CR-01735","manufactura",45.5,9.6,1,"sin_colateral"
"CR-01736","agro",22.3,15.5,0.5488,"sin_colateral"
"CR-01737","construccion",97.6,1.6,0.6214,"prendario"
"CR-01738","manufactura",95.1,6.5,0,"prendario"
"CR-01739","servicios",44.3,1.7,0,"sin_colateral"
"CR-01740","construccion",14.7,8.6,0,"sin_colateral"
"CR-01741","manufactura",26.4,8.5,0,"hipotecario"
"CR-01742","servicios",89.1,12.5,0,"hipotecario"
"CR-01743","manufactura",47.5,9.7,0.3449,"sin_colateral"
"CR-01744","agro",113.6,4.4,1,"sin_colateral"
"CR-01745","comercio",36,14.3,0,"sin_colateral"
"CR-01746","comercio",47.1,5,0.4066,"sin_colateral"
"CR-01747","manufactura",17.1,1,1,"sin_colateral"
"CR-01748","comercio",136.7,2.6,0.2847,"sin_colateral"
"CR-01749","servicios",54.1,9,1,"sin_colateral"
"CR-01750","manufactura",54.7,15.7,0,"prendario"
"CR-01751","comercio",14.6,1.9,0,"prendario"
"CR-01752","servicios",86.5,5.3,0,"sin_colateral"
"CR-01753","manufactura",14.9,4.1,0,"hipotecario"
"CR-01754","comercio",542.2,3.1,0,"prendario"
"CR-01755","servicios",82.1,4.4,0,"hipotecario"
"CR-01756","servicios",20.3,4.6,1,"sin_colateral"
"CR-01757","construccion",38.2,8.5,0.5608,"prendario"
"CR-01758","construccion",51.4,7.2,0.4767,"prendario"
"CR-01759","comercio",57.3,7.2,0,"sin_colateral"
"CR-01760","agro",63.6,15.4,1,"hipotecario"
"CR-01761","servicios",52.3,9.6,1,"sin_colateral"
"CR-01762","construccion",37.7,9.4,0.4127,"hipotecario"
"CR-01763","construccion",69.1,11.6,1,"prendario"
"CR-01764","construccion",57.7,5.1,0,"sin_colateral"
"CR-01765","servicios",31.1,1,0.3683,"prendario"
"CR-01766","agro",44.8,10,0,"hipotecario"
"CR-01767","comercio",59.1,3.9,0,"prendario"
"CR-01768","manufactura",41.6,1.7,1,"prendario"
"CR-01769","manufactura",30.8,0.1,0,"prendario"
"CR-01770","servicios",115.6,4.2,0,"sin_colateral"
"CR-01771","construccion",64.3,6.7,0,"hipotecario"
"CR-01772","servicios",84.9,14.9,1,"sin_colateral"
"CR-01773","comercio",88.4,9.6,0,"prendario"
"CR-01774","comercio",139.1,20.1,0.4322,"sin_colateral"
"CR-01775","servicios",100.4,5.2,0,"prendario"
"CR-01776","manufactura",18.7,4.5,0,"prendario"
"CR-01777","comercio",17.1,21,0.5668,"hipotecario"
"CR-01778","agro",44.8,2.4,0,"hipotecario"
"CR-01779","construccion",102,6.6,0.5146,"prendario"
"CR-01780","comercio",84.3,4.6,0,"prendario"
"CR-01781","construccion",143.9,0.7,0,"prendario"
"CR-01782","comercio",40.8,13.6,0.2701,"sin_colateral"
"CR-01783","servicios",24.3,7.1,0,"hipotecario"
"CR-01784","construccion",19.4,2.6,1,"sin_colateral"
"CR-01785","servicios",166.5,1.4,0,"prendario"
"CR-01786","servicios",209.5,4.2,0,"prendario"
"CR-01787","manufactura",27.4,4.8,0.4808,"hipotecario"
"CR-01788","manufactura",31.3,7.2,0,"prendario"
"CR-01789","agro",307.6,7,0,"prendario"
"CR-01790","construccion",25.8,1.4,0.4595,"prendario"
"CR-01791","construccion",25.8,5.1,0,"hipotecario"
"CR-01792","manufactura",22.4,9.7,0,"hipotecario"
"CR-01793","comercio",19.7,14.9,0,"hipotecario"
"CR-01794","manufactura",32.4,3.5,0.1739,"hipotecario"
"CR-01795","comercio",216.1,7.7,0,"hipotecario"
"CR-01796","comercio",37.9,4.4,0.2212,"hipotecario"
"CR-01797","manufactura",14.1,11.2,1,"sin_colateral"
"CR-01798","comercio",82.3,6.4,0,"prendario"
"CR-01799","manufactura",10.9,7.3,0.1337,"sin_colateral"
"CR-01800","agro",29.8,2.9,0,"sin_colateral"
"CR-01801","servicios",142.9,9.2,0.4168,"hipotecario"
"CR-01802","comercio",46.5,0.7,0.3381,"prendario"
"CR-01803","manufactura",7.7,2.7,0,"prendario"
"CR-01804","comercio",152.2,4.2,0.4378,"hipotecario"
"CR-01805","comercio",16.7,2.7,0,"hipotecario"
"CR-01806","comercio",47.7,3.1,0,"prendario"
"CR-01807","construccion",72.2,3.9,1,"sin_colateral"
"CR-01808","agro",16.9,0.6,0,"hipotecario"
"CR-01809","construccion",28.2,5,0,"prendario"
"CR-01810","construccion",47.7,6,0,"prendario"
"CR-01811","construccion",37.5,2.1,0,"prendario"
"CR-01812","manufactura",68.3,6.6,0.2575,"sin_colateral"
"CR-01813","manufactura",53.9,13.2,0,"prendario"
"CR-01814","manufactura",16.3,4.1,0,"sin_colateral"
"CR-01815","construccion",18.6,11.1,0.535,"sin_colateral"
"CR-01816","comercio",34.8,5.1,0,"sin_colateral"
"CR-01817","comercio",64.2,11,0,"hipotecario"
"CR-01818","manufactura",189.5,6,0.3159,"sin_colateral"
"CR-01819","comercio",198,14,0,"sin_colateral"
"CR-01820","agro",53.8,6.9,1,"sin_colateral"
"CR-01821","construccion",11.7,9.6,0,"prendario"
"CR-01822","manufactura",107.3,9.2,1,"prendario"
"CR-01823","manufactura",132.8,5.2,0.5218,"prendario"
"CR-01824","construccion",40,6.9,0.8596,"prendario"
"CR-01825","servicios",68.8,4.9,0,"hipotecario"
"CR-01826","construccion",28.6,8.9,0,"prendario"
"CR-01827","agro",51.9,1.2,0,"prendario"
"CR-01828","comercio",70.6,2.5,0.3994,"hipotecario"
"CR-01829","manufactura",107,8.5,0,"prendario"
"CR-01830","construccion",83,14.8,0,"prendario"
"CR-01831","comercio",72,11.2,1,"sin_colateral"
"CR-01832","construccion",19.7,3.5,0,"hipotecario"
"CR-01833","comercio",160.9,14.4,0,"prendario"
"CR-01834","servicios",8.3,14.7,0.3773,"sin_colateral"
"CR-01835","manufactura",27,14.5,0.2293,"hipotecario"
"CR-01836","comercio",138.2,7.9,0,"prendario"
"CR-01837","manufactura",30.6,6.5,1,"sin_colateral"
"CR-01838","comercio",39.9,6.8,1,"sin_colateral"
"CR-01839","construccion",362.4,3.6,0,"prendario"
"CR-01840","comercio",116.3,7.3,0,"prendario"
"CR-01841","comercio",17.8,1.1,0,"hipotecario"
"CR-01842","comercio",36.7,10.2,0,"hipotecario"
"CR-01843","manufactura",26.6,15.1,1,"hipotecario"
"CR-01844","manufactura",58.8,2.1,0,"hipotecario"
"CR-01845","manufactura",18.4,1.1,1,"prendario"
"CR-01846","servicios",43.2,3.2,0.2781,"sin_colateral"
"CR-01847","servicios",171,1,0,"sin_colateral"
"CR-01848","construccion",92.9,12.4,1,"hipotecario"
"CR-01849","servicios",81.7,1.6,0,"prendario"
"CR-01850","comercio",35.1,4.2,0,"prendario"
"CR-01851","comercio",42.4,5.5,1,"hipotecario"
"CR-01852","servicios",75,3,0.3616,"sin_colateral"
"CR-01853","servicios",18.2,4.5,1,"prendario"
"CR-01854","construccion",7,4,0,"sin_colateral"
"CR-01855","servicios",41.5,15.5,0,"sin_colateral"
"CR-01856","comercio",40.9,4.8,1,"sin_colateral"
"CR-01857","manufactura",103.3,1.9,0.3995,"prendario"
"CR-01858","comercio",34.9,17.4,0,"sin_colateral"
"CR-01859","agro",29.7,12.2,1,"prendario"
"CR-01860","construccion",81.8,6.9,0,"sin_colateral"
"CR-01861","comercio",31,0.8,0,"prendario"
"CR-01862","manufactura",190.7,5.4,0,"sin_colateral"
"CR-01863","servicios",23.8,2.1,0,"hipotecario"
"CR-01864","construccion",106.9,14.5,0.7106,"hipotecario"
"CR-01865","construccion",10.5,9.2,1,"sin_colateral"
"CR-01866","comercio",182,3.8,0,"sin_colateral"
"CR-01867","comercio",49.1,3.1,0,"prendario"
"CR-01868","comercio",10.4,16.4,0,"prendario"
"CR-01869","servicios",17,9.5,0,"sin_colateral"
"CR-01870","manufactura",47.8,2.7,0,"hipotecario"
"CR-01871","comercio",220.6,2.7,0,"sin_colateral"
"CR-01872","agro",33.6,13.8,1,"prendario"
"CR-01873","manufactura",47.8,7.9,1,"sin_colateral"
"CR-01874","agro",109.9,4.6,0,"hipotecario"
"CR-01875","manufactura",52.6,9.6,0,"hipotecario"
"CR-01876","construccion",43.6,5.6,0.7294,"sin_colateral"
"CR-01877","manufactura",51.4,4.2,0.1981,"hipotecario"
"CR-01878","comercio",41.2,3.2,0,"prendario"
"CR-01879","agro",63,6.5,0.5968,"prendario"
"CR-01880","comercio",76.4,7.3,0,"hipotecario"
"CR-01881","manufactura",14.8,3.7,1,"hipotecario"
"CR-01882","construccion",41.5,4.6,0.5431,"prendario"
"CR-01883","comercio",27.6,3.4,0.5774,"sin_colateral"
"CR-01884","manufactura",81.9,7.6,0,"sin_colateral"
"CR-01885","comercio",50.6,8.2,0,"hipotecario"
"CR-01886","manufactura",18.7,5,0.3606,"hipotecario"
"CR-01887","manufactura",73.7,19.1,1,"hipotecario"
"CR-01888","agro",9.4,5.6,1,"prendario"
"CR-01889","manufactura",112.2,8.9,0.3913,"sin_colateral"
"CR-01890","construccion",15.1,18.3,0,"hipotecario"
"CR-01891","servicios",220.9,8.8,0,"sin_colateral"
"CR-01892","construccion",33.4,4.6,0,"sin_colateral"
"CR-01893","comercio",38.4,14.4,1,"prendario"
"CR-01894","construccion",20.4,16.4,1,"prendario"
"CR-01895","servicios",12.7,1,0.2537,"prendario"
"CR-01896","manufactura",65.1,2.1,1,"sin_colateral"
"CR-01897","manufactura",16,4.4,0,"prendario"
"CR-01898","agro",97,20.1,0,"prendario"
"CR-01899","comercio",10.7,5.5,0,"hipotecario"
"CR-01900","comercio",30.7,4.7,0.3071,"prendario"
"CR-01901","manufactura",84.1,5.7,0,"prendario"
"CR-01902","servicios",45.6,1.5,0,"hipotecario"
"CR-01903","comercio",89.1,4.5,0,"prendario"
"CR-01904","servicios",62.2,7.7,0,"prendario"
"CR-01905","manufactura",53.5,2.7,1,"sin_colateral"
"CR-01906","manufactura",231.4,4.7,1,"prendario"
"CR-01907","agro",23.4,11.9,0,"prendario"
"CR-01908","construccion",48.7,11.7,0,"prendario"
"CR-01909","manufactura",27.8,3.9,0,"prendario"
"CR-01910","construccion",27.3,5.9,0.6035,"prendario"
"CR-01911","manufactura",41.8,14.4,0,"hipotecario"
"CR-01912","manufactura",25,7.2,0,"prendario"
"CR-01913","comercio",96.5,11.8,0.4036,"prendario"
"CR-01914","servicios",105.1,1.3,0.3492,"prendario"
"CR-01915","servicios",74.4,7.6,0.3648,"hipotecario"
"CR-01916","servicios",11.2,4.8,0,"prendario"
"CR-01917","manufactura",36.3,4.5,1,"prendario"
"CR-01918","construccion",71.8,2.7,0,"sin_colateral"
"CR-01919","agro",45.4,5,0,"prendario"
"CR-01920","manufactura",162,4,0.4324,"sin_colateral"
"CR-01921","comercio",37.8,9.6,0,"prendario"
"CR-01922","manufactura",46.9,8.1,0,"prendario"
"CR-01923","comercio",64.8,12.7,0.3744,"sin_colateral"
"CR-01924","servicios",75.6,3.6,0.1001,"hipotecario"
"CR-01925","comercio",72.8,1.7,0.3692,"prendario"
"CR-01926","comercio",34.7,8.6,1,"sin_colateral"
"CR-01927","manufactura",164.3,13.3,0.4926,"sin_colateral"
"CR-01928","construccion",74.4,4.1,0.4812,"prendario"
"CR-01929","comercio",70.6,8.2,0.2643,"prendario"
"CR-01930","servicios",23.7,2.3,0,"prendario"
"CR-01931","servicios",24.4,3.6,1,"sin_colateral"
"CR-01932","manufactura",31.2,4.3,0.2621,"prendario"
"CR-01933","agro",31.4,2,0.1764,"sin_colateral"
"CR-01934","servicios",105.9,5.5,0,"hipotecario"
"CR-01935","manufactura",107.1,4.3,0,"prendario"
"CR-01936","comercio",99,16.8,0,"sin_colateral"
"CR-01937","manufactura",49.1,13.8,0,"hipotecario"
"CR-01938","manufactura",30,3.2,0.3842,"prendario"
"CR-01939","comercio",15.1,2.5,1,"prendario"
"CR-01940","comercio",18.9,10.7,0,"prendario"
"CR-01941","construccion",179.1,5.4,0,"prendario"
"CR-01942","servicios",27.7,5.4,0,"sin_colateral"
"CR-01943","comercio",24.8,20.2,0,"hipotecario"
"CR-01944","manufactura",33.6,21.1,0.1552,"prendario"
"CR-01945","manufactura",24.6,6,0.4449,"hipotecario"
"CR-01946","comercio",27.6,5,1,"sin_colateral"
"CR-01947","servicios",221.4,3,0,"sin_colateral"
"CR-01948","manufactura",29.7,7.8,1,"sin_colateral"
"CR-01949","construccion",36.3,1.1,0,"sin_colateral"
"CR-01950","comercio",50.2,3.1,0,"hipotecario"
"CR-01951","servicios",262.2,11.2,0,"hipotecario"
"CR-01952","comercio",38.7,1,0.2811,"hipotecario"
"CR-01953","servicios",65.7,2.3,0.3199,"prendario"
"CR-01954","comercio",69.7,5.6,0,"hipotecario"
"CR-01955","comercio",41.7,2.8,0.4844,"prendario"
"CR-01956","manufactura",9.2,4.4,1,"sin_colateral"
"CR-01957","comercio",161.6,7.6,0,"prendario"
"CR-01958","agro",46.3,20.5,0,"hipotecario"
"CR-01959","manufactura",77.1,6.2,0,"hipotecario"
"CR-01960","agro",30,2.3,0.3721,"prendario"
"CR-01961","construccion",85.8,6.6,0,"hipotecario"
"CR-01962","servicios",107.4,3.4,0.2648,"prendario"
"CR-01963","manufactura",177,2.1,0,"prendario"
"CR-01964","manufactura",25.9,15.3,0,"hipotecario"
"CR-01965","manufactura",65,8.5,1,"sin_colateral"
"CR-01966","comercio",45.1,3,0.3869,"sin_colateral"
"CR-01967","manufactura",39.1,7.4,0,"prendario"
"CR-01968","comercio",25.5,2.2,0,"prendario"
"CR-01969","comercio",86.2,10.2,0,"sin_colateral"
"CR-01970","comercio",75.8,2,0,"prendario"
"CR-01971","comercio",248.8,2,0,"sin_colateral"
"CR-01972","comercio",10,7.1,0,"hipotecario"
"CR-01973","servicios",265.4,7.2,0,"hipotecario"
"CR-01974","construccion",33.7,21,0.6517,"sin_colateral"
"CR-01975","comercio",133.9,0.8,0.4188,"prendario"
"CR-01976","comercio",61.8,12.7,0.1446,"hipotecario"
"CR-01977","servicios",82.6,1,1,"sin_colateral"
"CR-01978","comercio",65.9,6.7,0.3225,"prendario"
"CR-01979","comercio",148.4,10.7,1,"prendario"
"CR-01980","agro",32.3,6.1,1,"sin_colateral"
"CR-01981","comercio",98.1,3.6,0.3537,"hipotecario"
"CR-01982","construccion",16.5,1.4,1,"sin_colateral"
"CR-01983","manufactura",27.3,18.2,0,"prendario"
"CR-01984","comercio",84.6,6.3,0.3776,"prendario"
"CR-01985","comercio",70.5,2.6,0.417,"hipotecario"
"CR-01986","construccion",45,6.8,1,"prendario"
"CR-01987","manufactura",49.4,4.8,0,"hipotecario"
"CR-01988","manufactura",63.5,17.3,0,"prendario"
"CR-01989","servicios",110.2,0.4,0.1287,"hipotecario"
"CR-01990","servicios",12.9,7.6,1,"hipotecario"
"CR-01991","agro",65.1,5.6,0,"sin_colateral"
"CR-01992","comercio",15.3,2.2,0,"hipotecario"
"CR-01993","comercio",164.2,9.4,0,"hipotecario"
"CR-01994","comercio",108.7,6.4,0,"sin_colateral"
"CR-01995","servicios",42.6,9.4,0.5111,"prendario"
"CR-01996","comercio",139.4,4.2,0,"hipotecario"
"CR-01997","construccion",37.2,3.7,0,"prendario"
"CR-01998","manufactura",9.1,3.1,0.3897,"sin_colateral"
"CR-01999","agro",17.1,8.9,0,"prendario"
"CR-02000","agro",50.7,0.4,0.3528,"prendario"
