id_siniestro,sector,monto,antiguedad,severidad
SIN-0001,servicios,136.8,4.1,17.86
SIN-0002,agro,143.2,7.1,21.13
SIN-0003,manufactura,134.6,5.9,43.09
SIN-0004,agro,32.6,3.7,16.55
SIN-0005,servicios,40.8,6.2,31.37
SIN-0006,servicios,81.6,0.9,40.81
SIN-0007,construccion,45.2,5.5,3.85
SIN-0008,servicios,93.9,3.7,23.67
SIN-0009,construccion,60.5,3.1,1.9
SIN-0010,comercio,167.4,2.2,32.12
SIN-0011,agro,69.9,4.4,13.66
SIN-0012,servicios,55.6,3.2,23.55
SIN-0013,servicios,171.9,1.7,54.59
SIN-0014,servicios,108.5,2.7,34.82
SIN-0015,manufactura,53.7,5.9,29.11
SIN-0016,manufactura,72.8,4.8,29.47
SIN-0017,manufactura,304.3,4.0,21.08
SIN-0018,construccion,42.4,4.0,3.11
SIN-0019,servicios,96.6,3.9,43.04
SIN-0020,servicios,101.9,1.4,27.55
SIN-0021,comercio,214.7,7.2,37.54
SIN-0022,manufactura,269.9,3.7,60.55
SIN-0023,comercio,122.8,3.4,36.82
SIN-0024,manufactura,152.9,1.1,75.99
SIN-0025,comercio,167.1,3.1,39.33
SIN-0026,comercio,8.1,5.0,5.81
SIN-0027,manufactura,39.5,3.3,14.38
SIN-0028,manufactura,130.8,4.7,43.45
SIN-0029,manufactura,142.0,7.5,24.34
SIN-0030,comercio,80.6,1.6,26.09
SIN-0031,manufactura,281.0,1.9,64.61
SIN-0032,agro,200.4,0.2,22.24
SIN-0033,servicios,85.3,2.9,25.22
SIN-0034,servicios,112.8,0.5,57.02
SIN-0035,servicios,8.9,1.2,4.17
SIN-0036,comercio,47.1,2.2,25.51
SIN-0037,servicios,12.9,5.2,17.71
SIN-0038,comercio,78.2,0.8,42.47
SIN-0039,servicios,80.0,1.1,33.85
SIN-0040,manufactura,122.3,5.5,17.47
SIN-0041,comercio,23.5,11.1,22.12
SIN-0042,servicios,47.1,4.5,40.47
SIN-0043,comercio,52.3,0.9,17.94
SIN-0044,manufactura,59.5,3.0,27.46
SIN-0045,servicios,44.9,3.7,26.57
SIN-0046,comercio,133.8,7.2,39.44
SIN-0047,comercio,107.1,2.6,29.98
SIN-0048,manufactura,56.9,4.2,37.77
SIN-0049,construccion,54.3,4.0,30.5
SIN-0050,manufactura,130.7,5.7,45.65
SIN-0051,comercio,98.5,5.2,11.91
SIN-0052,comercio,126.8,3.1,59.07
SIN-0053,comercio,32.5,2.5,24.76
SIN-0054,comercio,57.0,0.9,32.78
SIN-0055,manufactura,201.9,5.5,36.57
SIN-0056,manufactura,54.8,4.9,22.48
SIN-0057,comercio,96.2,7.1,26.76
SIN-0058,manufactura,30.7,4.0,14.66
SIN-0059,comercio,114.7,1.7,41.72
SIN-0060,servicios,140.5,1.5,55.24
SIN-0061,servicios,66.3,3.9,29.09
SIN-0062,construccion,100.7,1.3,64.94
SIN-0063,comercio,35.7,0.3,22.08
SIN-0064,agro,95.3,5.9,63.2
SIN-0065,comercio,258.5,3.9,27.46
SIN-0066,comercio,135.5,2.5,19.6
SIN-0067,comercio,207.6,2.3,31.52
SIN-0068,manufactura,61.2,1.6,11.87
SIN-0069,comercio,266.7,3.8,60.6
SIN-0070,comercio,111.8,2.5,19.15
SIN-0071,servicios,21.5,1.7,23.43
SIN-0072,manufactura,316.9,3.5,109.77
SIN-0073,comercio,74.3,2.6,35.89
SIN-0074,comercio,135.8,3.8,53.02
SIN-0075,manufactura,161.5,2.0,76.39
SIN-0076,servicios,81.2,1.2,32.26
SIN-0077,servicios,170.1,0.6,38.24
SIN-0078,comercio,95.1,10.0,32.99
SIN-0079,comercio,106.6,1.1,44.08
SIN-0080,comercio,12.1,12.1,4.4
SIN-0081,servicios,60.0,5.7,14.41
SIN-0082,manufactura,130.3,9.1,48.54
SIN-0083,servicios,297.4,8.5,36.71
SIN-0084,construccion,170.5,2.9,102.66
SIN-0085,comercio,1300.0,2.9,210.66
SIN-0086,construccion,347.3,3.4,23.1
SIN-0087,comercio,959.6,5.4,93.28
SIN-0088,servicios,197.4,1.7,99.35
SIN-0089,comercio,115.8,1.6,32.78
SIN-0090,manufactura,728.8,4.9,76.15
SIN-0091,manufactura,112.0,9.2,60.21
SIN-0092,manufactura,40.8,2.7,16.38
SIN-0093,comercio,66.8,5.1,21.89
SIN-0094,agro,196.4,2.9,107.34
SIN-0095,construccion,259.3,3.7,34.98
SIN-0096,construccion,62.0,6.4,1.85
SIN-0097,comercio,163.4,0.2,66.57
SIN-0098,construccion,44.1,5.7,71.42
SIN-0099,comercio,135.1,9.1,48.49
SIN-0100,comercio,152.3,6.4,56.01
SIN-0101,manufactura,119.3,3.0,41.5
SIN-0102,comercio,91.3,2.3,26.57
SIN-0103,construccion,100.1,1.3,100.78
SIN-0104,comercio,44.7,2.3,14.47
SIN-0105,manufactura,39.4,3.1,23.04
SIN-0106,agro,503.5,5.9,118.02
SIN-0107,manufactura,349.9,4.4,47.3
SIN-0108,manufactura,50.1,5.0,29.75
SIN-0109,manufactura,79.9,1.3,70.54
SIN-0110,comercio,107.9,2.2,35.7
SIN-0111,comercio,23.8,3.6,7.19
SIN-0112,servicios,86.9,1.7,47.73
SIN-0113,agro,227.6,4.5,50.51
SIN-0114,comercio,116.6,2.7,37.91
SIN-0115,construccion,20.6,7.7,34.55
SIN-0116,manufactura,133.4,2.2,47.26
SIN-0117,manufactura,51.0,0.8,35.87
SIN-0118,comercio,98.0,1.2,19.3
SIN-0119,comercio,22.6,2.4,19.4
SIN-0120,construccion,120.3,1.0,139.96
SIN-0121,agro,471.6,6.3,128.65
SIN-0122,construccion,21.3,2.6,19.02
SIN-0123,servicios,209.0,1.6,35.16
SIN-0124,manufactura,247.5,3.5,134.65
SIN-0125,manufactura,34.9,2.3,10.68
SIN-0126,comercio,224.6,5.0,67.67
SIN-0127,comercio,21.6,1.4,11.52
SIN-0128,agro,27.2,2.5,42.11
SIN-0129,servicios,190.9,5.0,38.46
SIN-0130,comercio,77.9,1.1,31.42
SIN-0131,comercio,51.7,1.2,10.54
SIN-0132,comercio,120.5,13.5,50.22
SIN-0133,comercio,798.6,5.0,136.45
SIN-0134,comercio,168.0,3.1,51.19
SIN-0135,comercio,49.2,2.4,26.61
SIN-0136,comercio,41.2,7.4,16.09
SIN-0137,servicios,80.5,2.2,26.52
SIN-0138,construccion,106.7,3.3,21.88
SIN-0139,manufactura,20.1,3.2,18.58
SIN-0140,comercio,157.8,6.6,27.09
SIN-0141,comercio,148.6,2.6,43.52
SIN-0142,manufactura,138.3,9.8,57.41
SIN-0143,comercio,60.9,4.4,12.51
SIN-0144,manufactura,254.4,5.2,24.97
SIN-0145,comercio,469.7,4.0,57.83
SIN-0146,manufactura,40.5,10.2,20.43
SIN-0147,agro,179.7,1.2,40.36
SIN-0148,servicios,105.8,1.7,18.31
SIN-0149,manufactura,34.1,3.0,17.07
SIN-0150,construccion,33.4,1.5,51.56
SIN-0151,manufactura,39.5,0.8,22.31
SIN-0152,comercio,152.7,1.0,49.78
SIN-0153,agro,61.9,1.8,26.23
SIN-0154,comercio,25.4,4.4,15.82
SIN-0155,agro,118.8,4.8,18.11
SIN-0156,manufactura,52.4,2.4,19.2
SIN-0157,comercio,33.0,1.2,21.27
SIN-0158,servicios,107.2,8.5,50.74
SIN-0159,construccion,121.3,5.2,22.35
SIN-0160,comercio,63.5,1.4,34.58
SIN-0161,agro,37.4,1.4,16.98
SIN-0162,comercio,156.5,3.2,80.26
SIN-0163,manufactura,201.6,13.5,50.22
SIN-0164,comercio,30.3,5.4,12.84
SIN-0165,comercio,391.5,4.3,82.02
SIN-0166,comercio,150.9,5.5,49.85
SIN-0167,manufactura,467.8,3.8,143.79
SIN-0168,manufactura,116.4,11.9,53.37
SIN-0169,agro,247.7,2.8,55.22
SIN-0170,manufactura,137.1,1.2,41.7
SIN-0171,manufactura,50.9,3.6,22.24
SIN-0172,comercio,44.3,3.6,15.78
SIN-0173,manufactura,49.3,0.8,7.5
SIN-0174,comercio,25.1,2.0,4.62
SIN-0175,manufactura,139.7,6.3,82.58
SIN-0176,manufactura,85.7,3.6,18.53
SIN-0177,manufactura,76.8,3.0,23.34
SIN-0178,manufactura,16.7,1.8,2.55
SIN-0179,manufactura,83.2,5.5,30.52
SIN-0180,manufactura,182.5,0.6,49.68
SIN-0181,manufactura,161.9,2.8,46.0
SIN-0182,comercio,30.8,4.9,17.1
SIN-0183,comercio,132.4,0.6,69.98
SIN-0184,comercio,73.4,2.9,33.89
SIN-0185,agro,92.8,2.4,24.49
SIN-0186,servicios,727.2,3.5,109.05
SIN-0187,servicios,72.9,2.9,20.42
SIN-0188,construccion,442.9,2.3,22.96
SIN-0189,comercio,78.3,1.1,58.42
SIN-0190,comercio,32.9,2.7,22.71
SIN-0191,manufactura,280.4,2.4,63.97
SIN-0192,comercio,22.6,1.3,13.96
SIN-0193,servicios,95.1,3.0,29.05
SIN-0194,comercio,35.9,1.0,14.6
SIN-0195,comercio,45.7,2.8,18.39
SIN-0196,comercio,29.3,3.4,18.95
SIN-0197,comercio,182.4,8.7,17.59
SIN-0198,agro,197.0,2.1,171.89
SIN-0199,construccion,32.7,2.0,17.98
SIN-0200,servicios,222.3,5.3,39.6
SIN-0201,comercio,188.1,8.9,26.04
SIN-0202,servicios,349.8,5.1,72.76
SIN-0203,servicios,197.1,5.4,19.62
SIN-0204,construccion,476.7,3.5,125.55
SIN-0205,servicios,201.0,1.5,40.06
SIN-0206,manufactura,142.9,9.0,69.77
SIN-0207,construccion,50.6,6.6,28.58
SIN-0208,manufactura,29.4,2.6,22.9
SIN-0209,comercio,85.3,1.9,29.17
SIN-0210,servicios,148.3,2.7,64.72
SIN-0211,agro,65.9,2.1,41.65
SIN-0212,agro,20.0,3.2,30.66
SIN-0213,comercio,222.0,1.3,45.2
SIN-0214,comercio,119.5,6.7,36.81
SIN-0215,manufactura,303.7,0.9,17.58
SIN-0216,servicios,53.2,3.7,18.42
SIN-0217,construccion,282.6,4.6,58.0
SIN-0218,comercio,110.7,18.2,24.25
SIN-0219,servicios,216.8,3.1,57.94
SIN-0220,comercio,78.5,2.3,40.13
SIN-0221,comercio,91.4,2.7,39.82
SIN-0222,manufactura,100.3,5.5,31.34
SIN-0223,comercio,96.1,3.3,38.8
SIN-0224,agro,99.1,1.4,99.66
SIN-0225,servicios,35.6,11.5,17.96
SIN-0226,manufactura,36.9,9.1,21.73
SIN-0227,comercio,8.7,5.6,8.12
SIN-0228,manufactura,39.2,0.7,25.1
SIN-0229,construccion,64.1,0.4,36.06
SIN-0230,construccion,73.5,3.2,53.31
SIN-0231,construccion,185.0,1.8,18.55
SIN-0232,comercio,135.5,2.6,68.58
SIN-0233,servicios,80.1,5.3,22.72
SIN-0234,servicios,224.0,1.2,42.45
SIN-0235,comercio,79.6,1.7,44.95
SIN-0236,servicios,7.0,2.3,9.97
SIN-0237,servicios,35.7,4.0,10.46
SIN-0238,agro,92.8,1.0,21.3
SIN-0239,agro,123.7,4.2,102.31
SIN-0240,comercio,57.4,3.7,38.4
SIN-0241,agro,248.5,2.6,80.96
SIN-0242,construccion,114.5,4.0,20.3
SIN-0243,manufactura,60.7,0.6,11.54
SIN-0244,comercio,73.1,3.9,26.82
SIN-0245,manufactura,78.4,6.1,25.22
SIN-0246,comercio,321.3,6.6,39.36
SIN-0247,comercio,103.3,8.7,45.95
SIN-0248,comercio,153.0,3.8,43.82
SIN-0249,servicios,91.6,6.5,28.02
SIN-0250,manufactura,45.3,1.0,22.71
SIN-0251,comercio,313.5,6.4,116.72
SIN-0252,agro,221.3,7.1,33.7
SIN-0253,comercio,161.4,7.2,34.29
SIN-0254,servicios,52.3,0.2,37.03
SIN-0255,manufactura,52.8,6.3,18.85
SIN-0256,comercio,65.4,6.6,17.64
SIN-0257,manufactura,625.9,3.9,106.32
SIN-0258,servicios,44.2,2.4,22.84
SIN-0259,manufactura,269.5,2.6,23.45
SIN-0260,construccion,31.0,7.9,44.72
SIN-0261,manufactura,40.0,2.1,16.34
SIN-0262,manufactura,70.8,3.4,43.93
SIN-0263,manufactura,28.2,3.1,14.64
SIN-0264,construccion,157.2,1.0,53.27
SIN-0265,comercio,177.7,6.6,32.39
SIN-0266,agro,203.6,7.6,71.25
SIN-0267,agro,45.9,3.4,8.41
SIN-0268,comercio,269.6,5.3,47.32
SIN-0269,construccion,29.5,3.4,32.59
SIN-0270,comercio,100.3,1.6,28.31
SIN-0271,comercio,253.8,19.5,28.67
SIN-0272,manufactura,88.0,1.1,21.59
SIN-0273,manufactura,81.3,3.7,43.01
SIN-0274,comercio,13.5,7.1,14.46
SIN-0275,comercio,33.5,10.7,27.38
SIN-0276,comercio,29.4,4.0,21.56
SIN-0277,construccion,168.0,2.6,48.71
SIN-0278,comercio,166.3,6.2,41.1
SIN-0279,comercio,225.5,1.3,38.55
SIN-0280,comercio,52.1,6.0,24.55
SIN-0281,manufactura,52.4,3.3,16.27
SIN-0282,manufactura,154.8,4.9,87.32
SIN-0283,comercio,208.5,3.9,32.14
SIN-0284,manufactura,86.3,0.8,32.55
SIN-0285,comercio,242.2,6.5,76.15
SIN-0286,agro,27.1,8.4,17.11
SIN-0287,comercio,121.4,7.8,50.8
SIN-0288,servicios,20.2,1.8,9.66
SIN-0289,comercio,146.3,1.2,67.67
SIN-0290,comercio,69.4,1.1,35.82
SIN-0291,comercio,149.6,13.6,52.23
SIN-0292,servicios,81.5,8.7,30.96
SIN-0293,manufactura,55.6,2.1,45.02
SIN-0294,servicios,85.1,6.2,41.18
SIN-0295,agro,79.8,3.3,28.92
SIN-0296,manufactura,138.1,8.3,27.78
SIN-0297,agro,91.0,3.0,46.58
SIN-0298,construccion,32.5,2.7,53.94
SIN-0299,comercio,72.4,3.7,35.71
SIN-0300,comercio,60.8,9.4,16.55
SIN-0301,comercio,26.1,1.7,39.62
SIN-0302,servicios,333.7,2.6,85.42
SIN-0303,manufactura,65.5,4.1,25.87
SIN-0304,manufactura,149.6,7.0,34.68
SIN-0305,servicios,279.5,3.8,70.18
SIN-0306,manufactura,41.6,5.8,13.45
SIN-0307,manufactura,182.5,4.6,39.9
SIN-0308,manufactura,251.4,2.4,15.74
SIN-0309,comercio,27.2,3.8,10.11
SIN-0310,manufactura,89.8,0.5,72.43
SIN-0311,construccion,160.7,4.4,131.65
SIN-0312,construccion,159.1,4.3,127.45
SIN-0313,agro,98.3,4.5,48.7
SIN-0314,construccion,189.7,5.1,21.76
SIN-0315,agro,138.1,7.2,44.94
SIN-0316,agro,262.7,1.9,61.65
SIN-0317,comercio,166.5,1.5,57.08
SIN-0318,manufactura,39.9,1.5,24.71
SIN-0319,servicios,82.1,3.7,24.76
SIN-0320,comercio,119.1,2.8,39.97
SIN-0321,comercio,129.9,0.6,28.96
SIN-0322,servicios,193.4,2.2,29.69
SIN-0323,construccion,412.2,5.4,210.16
SIN-0324,comercio,71.6,1.1,44.81
SIN-0325,comercio,258.4,0.9,59.36
SIN-0326,agro,98.3,4.7,50.14
SIN-0327,comercio,45.1,3.2,12.67
SIN-0328,manufactura,29.1,3.7,20.64
SIN-0329,servicios,31.6,10.3,13.37
SIN-0330,construccion,142.4,3.5,91.76
SIN-0331,comercio,207.3,6.2,39.08
SIN-0332,comercio,22.6,5.7,14.73
SIN-0333,comercio,82.0,6.2,28.31
SIN-0334,comercio,37.6,2.8,26.19
SIN-0335,comercio,140.2,2.8,46.72
SIN-0336,manufactura,220.7,6.4,46.09
SIN-0337,comercio,194.0,4.0,65.56
SIN-0338,agro,13.9,2.9,10.62
SIN-0339,agro,38.4,5.3,20.59
SIN-0340,servicios,262.7,6.8,78.62
SIN-0341,agro,36.1,1.0,35.95
SIN-0342,manufactura,135.3,8.5,73.76
SIN-0343,servicios,47.8,2.6,21.31
SIN-0344,comercio,2.8,1.0,5.71
SIN-0345,agro,23.3,1.2,19.96
SIN-0346,manufactura,53.8,2.7,14.58
SIN-0347,servicios,213.1,2.9,49.47
SIN-0348,servicios,181.8,3.4,32.34
SIN-0349,comercio,149.6,3.6,28.74
SIN-0350,manufactura,118.5,2.7,44.52
SIN-0351,comercio,72.0,0.4,17.73
SIN-0352,comercio,242.6,3.6,56.67
SIN-0353,manufactura,16.0,0.9,10.95
SIN-0354,comercio,27.7,2.9,17.56
SIN-0355,comercio,39.2,3.2,11.5
SIN-0356,manufactura,83.5,2.5,34.02
SIN-0357,construccion,77.5,5.0,30.1
SIN-0358,comercio,35.5,6.8,17.45
SIN-0359,servicios,145.5,3.3,43.83
SIN-0360,comercio,62.2,6.0,16.31
SIN-0361,comercio,105.2,4.0,24.47
SIN-0362,construccion,119.9,5.5,51.9
SIN-0363,comercio,11.1,5.6,6.9
SIN-0364,manufactura,195.9,3.8,67.56
SIN-0365,manufactura,47.4,2.7,9.9
SIN-0366,comercio,124.6,4.0,11.04
SIN-0367,manufactura,142.7,0.2,34.88
SIN-0368,construccion,73.9,4.3,33.7
SIN-0369,manufactura,20.1,6.9,8.86
SIN-0370,manufactura,486.5,4.5,35.81
SIN-0371,comercio,133.1,3.3,35.52
SIN-0372,construccion,98.7,4.6,53.2
SIN-0373,agro,178.0,3.9,34.93
SIN-0374,servicios,136.8,8.6,18.91
SIN-0375,comercio,256.7,3.2,41.35
SIN-0376,servicios,47.2,1.3,5.81
SIN-0377,comercio,75.1,4.6,12.92
SIN-0378,comercio,12.3,2.1,10.84
SIN-0379,manufactura,191.0,3.5,10.78
SIN-0380,servicios,130.9,2.8,26.6
SIN-0381,comercio,65.6,1.9,16.54
SIN-0382,agro,30.1,5.7,13.81
SIN-0383,manufactura,8.7,4.9,5.75
SIN-0384,construccion,127.1,5.3,118.93
SIN-0385,comercio,20.1,3.6,20.17
SIN-0386,comercio,124.8,3.7,22.36
SIN-0387,construccion,290.1,3.6,31.11
SIN-0388,agro,131.3,12.9,23.47
SIN-0389,comercio,457.7,1.7,59.66
SIN-0390,comercio,22.4,9.6,12.64
SIN-0391,comercio,138.8,7.4,40.76
SIN-0392,construccion,211.8,0.9,181.55
SIN-0393,comercio,55.8,7.8,31.44
SIN-0394,servicios,238.8,7.0,30.54
SIN-0395,construccion,35.7,4.7,79.17
SIN-0396,comercio,118.9,7.1,46.85
SIN-0397,construccion,51.7,7.1,51.77
SIN-0398,servicios,26.6,2.6,18.99
SIN-0399,comercio,49.0,2.9,20.34
SIN-0400,manufactura,180.0,11.9,25.64
SIN-0401,servicios,59.4,2.2,21.61
SIN-0402,comercio,8.8,2.7,6.16
SIN-0403,construccion,25.8,1.5,10.89
SIN-0404,construccion,12.0,6.6,11.28
SIN-0405,construccion,23.7,1.2,17.58
SIN-0406,manufactura,133.9,13.5,30.6
SIN-0407,comercio,57.5,1.2,27.56
SIN-0408,construccion,53.6,2.6,93.8
SIN-0409,comercio,52.8,8.6,28.45
SIN-0410,comercio,105.7,4.1,19.64
SIN-0411,agro,93.7,2.3,30.51
SIN-0412,manufactura,142.6,6.5,54.74
SIN-0413,construccion,52.8,11.1,6.36
SIN-0414,manufactura,412.3,1.5,85.71
SIN-0415,comercio,263.5,5.6,76.49
SIN-0416,comercio,37.8,6.0,22.91
SIN-0417,comercio,31.5,3.3,10.39
SIN-0418,comercio,279.7,7.4,83.06
SIN-0419,agro,169.3,5.7,95.74
SIN-0420,construccion,405.9,9.0,21.58
SIN-0421,comercio,192.4,4.2,61.23
SIN-0422,comercio,86.9,3.1,27.52
SIN-0423,servicios,366.4,7.0,29.19
SIN-0424,construccion,66.6,2.3,87.11
SIN-0425,comercio,60.7,3.0,21.92
SIN-0426,servicios,168.3,3.3,41.25
SIN-0427,comercio,128.3,4.0,27.86
SIN-0428,construccion,163.0,6.9,56.03
SIN-0429,manufactura,128.0,2.9,49.4
SIN-0430,agro,307.5,8.0,27.76
SIN-0431,construccion,392.2,1.7,277.45
SIN-0432,servicios,64.2,5.5,29.78
SIN-0433,manufactura,47.9,1.5,14.41
SIN-0434,servicios,49.4,0.7,18.74
SIN-0435,agro,98.9,2.8,87.86
SIN-0436,comercio,46.6,1.2,20.15
SIN-0437,comercio,181.4,6.5,40.43
SIN-0438,manufactura,331.7,6.2,20.88
SIN-0439,comercio,12.1,4.3,18.09
SIN-0440,comercio,142.5,0.6,55.91
SIN-0441,agro,88.7,2.8,34.9
SIN-0442,construccion,57.4,0.8,17.87
SIN-0443,comercio,74.4,1.9,23.21
SIN-0444,agro,66.0,1.9,42.02
SIN-0445,comercio,21.6,1.4,18.38
SIN-0446,servicios,17.5,1.6,18.91
SIN-0447,servicios,40.2,4.7,28.95
SIN-0448,construccion,33.3,4.2,13.89
SIN-0449,comercio,92.2,8.4,41.04
SIN-0450,manufactura,90.3,5.6,29.69
SIN-0451,servicios,75.3,3.3,29.42
SIN-0452,manufactura,63.1,4.7,28.4
SIN-0453,servicios,62.6,0.9,57.39
SIN-0454,agro,119.9,0.4,34.93
SIN-0455,servicios,72.7,3.0,33.04
SIN-0456,servicios,200.2,1.1,30.69
SIN-0457,comercio,57.1,5.6,17.57
SIN-0458,construccion,316.2,3.3,114.56
SIN-0459,manufactura,106.8,1.2,5.39
SIN-0460,comercio,215.4,1.8,70.9
SIN-0461,manufactura,36.8,4.9,20.27
SIN-0462,agro,60.5,2.8,31.37
SIN-0463,comercio,90.1,6.1,9.08
SIN-0464,comercio,41.6,1.3,14.56
SIN-0465,servicios,133.7,5.4,15.65
SIN-0466,comercio,55.3,0.2,34.79
SIN-0467,construccion,316.4,2.2,65.87
SIN-0468,construccion,263.4,2.9,106.9
SIN-0469,servicios,75.7,5.3,41.13
SIN-0470,comercio,50.8,7.9,21.68
SIN-0471,manufactura,163.4,1.4,68.84
SIN-0472,agro,91.4,3.5,43.59
SIN-0473,construccion,53.0,2.3,21.69
SIN-0474,comercio,133.9,3.2,45.14
SIN-0475,manufactura,26.0,9.7,7.47
SIN-0476,servicios,128.9,1.6,29.37
SIN-0477,servicios,67.3,2.5,44.07
SIN-0478,servicios,127.2,2.2,36.09
SIN-0479,comercio,64.3,1.5,42.7
SIN-0480,servicios,381.2,0.7,55.69
SIN-0481,agro,158.3,4.9,72.27
SIN-0482,comercio,189.3,9.4,43.14
SIN-0483,manufactura,661.0,4.9,160.45
SIN-0484,manufactura,57.7,5.8,26.36
SIN-0485,comercio,205.7,5.4,43.33
SIN-0486,agro,17.5,3.6,6.58
SIN-0487,comercio,39.3,4.5,10.44
SIN-0488,comercio,115.6,3.3,50.9
SIN-0489,servicios,18.6,4.7,21.3
SIN-0490,manufactura,97.0,5.3,37.57
SIN-0491,agro,102.9,5.1,19.51
SIN-0492,construccion,126.0,1.5,9.82
SIN-0493,comercio,14.5,1.8,13.92
SIN-0494,agro,53.6,5.7,27.52
SIN-0495,comercio,76.0,5.4,36.21
SIN-0496,manufactura,110.9,2.3,87.76
SIN-0497,manufactura,41.3,2.9,28.67
SIN-0498,servicios,50.3,0.1,44.51
SIN-0499,construccion,124.2,7.7,8.2
SIN-0500,comercio,524.2,2.5,74.07
SIN-0501,construccion,74.2,4.2,12.15
SIN-0502,comercio,131.6,1.4,14.77
SIN-0503,comercio,20.9,0.7,16.6
SIN-0504,comercio,301.1,3.4,93.55
SIN-0505,servicios,23.2,6.2,8.23
SIN-0506,comercio,211.1,0.5,41.59
SIN-0507,comercio,27.6,0.6,18.51
SIN-0508,comercio,136.5,2.7,33.89
SIN-0509,manufactura,167.5,3.5,13.88
SIN-0510,comercio,131.9,1.1,68.4
SIN-0511,servicios,72.9,2.1,8.98
SIN-0512,construccion,216.1,9.2,25.97
SIN-0513,manufactura,150.8,3.0,86.85
SIN-0514,comercio,80.6,4.6,25.31
SIN-0515,servicios,10.0,3.5,9.75
SIN-0516,comercio,411.2,2.2,44.83
SIN-0517,comercio,43.9,5.0,30.56
SIN-0518,servicios,159.0,4.2,28.37
SIN-0519,agro,132.2,4.6,29.08
SIN-0520,construccion,40.9,2.2,68.24
SIN-0521,manufactura,266.7,2.4,34.64
SIN-0522,comercio,116.0,4.2,54.42
SIN-0523,construccion,28.8,3.3,25.36
SIN-0524,manufactura,26.4,7.1,5.64
SIN-0525,servicios,147.0,2.8,17.08
SIN-0526,servicios,27.8,2.8,4.53
SIN-0527,servicios,149.1,2.3,35.84
SIN-0528,manufactura,172.5,2.6,170.39
SIN-0529,construccion,130.4,1.3,46.66
SIN-0530,servicios,43.6,2.4,15.45
SIN-0531,manufactura,72.5,2.4,32.72
SIN-0532,servicios,84.6,1.7,33.75
SIN-0533,manufactura,35.8,3.1,23.07
SIN-0534,manufactura,381.3,2.0,45.17
SIN-0535,construccion,350.4,1.1,42.3
SIN-0536,construccion,18.1,0.5,6.02
SIN-0537,comercio,84.7,9.7,23.58
SIN-0538,comercio,81.5,1.7,37.45
SIN-0539,comercio,78.3,22.3,30.67
SIN-0540,servicios,49.2,0.6,24.4
SIN-0541,manufactura,28.9,1.2,16.71
SIN-0542,manufactura,24.9,13.8,12.04
SIN-0543,comercio,27.8,2.0,30.83
SIN-0544,servicios,125.1,2.2,33.78
SIN-0545,comercio,39.9,11.0,14.41
SIN-0546,comercio,248.0,4.2,25.71
SIN-0547,comercio,92.9,2.8,44.41
SIN-0548,construccion,433.3,3.3,51.63
SIN-0549,manufactura,34.8,3.0,14.73
SIN-0550,manufactura,69.6,0.8,29.27
SIN-0551,agro,114.4,25.0,32.59
SIN-0552,construccion,52.1,5.6,16.96
SIN-0553,comercio,135.3,1.2,43.5
SIN-0554,comercio,12.0,2.7,14.99
SIN-0555,comercio,86.5,0.7,23.07
SIN-0556,servicios,44.7,7.2,20.87
SIN-0557,servicios,64.3,4.0,14.17
SIN-0558,manufactura,278.1,5.5,65.95
SIN-0559,comercio,240.1,1.1,51.17
SIN-0560,manufactura,57.6,3.2,21.54
SIN-0561,manufactura,138.6,7.3,28.61
SIN-0562,manufactura,64.5,11.5,15.33
SIN-0563,construccion,104.5,3.4,21.17
SIN-0564,construccion,105.9,2.0,49.81
SIN-0565,comercio,333.8,11.9,59.14
SIN-0566,comercio,206.1,1.0,42.85
SIN-0567,manufactura,241.1,5.2,52.11
SIN-0568,manufactura,79.6,0.3,33.1
SIN-0569,servicios,78.6,8.8,15.52
SIN-0570,servicios,23.7,6.1,18.24
SIN-0571,agro,21.8,1.1,21.36
SIN-0572,comercio,26.6,5.1,8.43
SIN-0573,manufactura,48.6,8.7,38.39
SIN-0574,comercio,110.4,1.3,41.22
SIN-0575,agro,266.4,1.8,62.74
SIN-0576,comercio,42.5,7.1,29.83
SIN-0577,construccion,237.1,10.6,167.11
SIN-0578,construccion,29.4,1.9,16.74
SIN-0579,construccion,49.6,4.7,19.73
SIN-0580,servicios,306.2,3.3,109.17
SIN-0581,agro,126.4,2.1,24.12
SIN-0582,manufactura,173.6,5.0,63.64
SIN-0583,manufactura,182.9,1.2,45.56
SIN-0584,comercio,80.9,7.1,25.07
SIN-0585,construccion,6.1,0.6,54.58
SIN-0586,manufactura,47.5,1.9,18.0
SIN-0587,comercio,47.3,8.9,9.59
SIN-0588,construccion,101.1,5.2,42.87
SIN-0589,comercio,265.9,2.8,42.95
SIN-0590,servicios,148.8,1.9,60.72
SIN-0591,servicios,163.4,4.7,46.21
SIN-0592,manufactura,9.6,1.3,14.39
SIN-0593,manufactura,55.0,1.5,58.77
SIN-0594,manufactura,183.3,3.7,48.75
SIN-0595,manufactura,87.4,1.3,27.3
SIN-0596,agro,227.1,7.8,24.35
SIN-0597,servicios,290.0,7.7,34.9
SIN-0598,comercio,40.7,0.9,18.59
SIN-0599,construccion,57.6,2.7,52.59
SIN-0600,manufactura,64.9,1.4,36.72
SIN-0601,agro,90.2,3.9,13.81
SIN-0602,manufactura,136.4,4.7,59.43
SIN-0603,servicios,407.6,2.2,55.25
SIN-0604,construccion,74.0,2.5,80.73
SIN-0605,comercio,95.2,18.1,12.22
SIN-0606,servicios,522.1,3.0,20.19
SIN-0607,comercio,368.4,1.3,72.1
SIN-0608,construccion,25.5,15.9,4.98
SIN-0609,construccion,88.6,3.2,23.07
SIN-0610,comercio,91.3,9.6,29.84
SIN-0611,comercio,125.9,1.9,48.74
SIN-0612,manufactura,65.8,7.0,21.48
SIN-0613,agro,117.6,6.6,21.39
SIN-0614,manufactura,117.1,6.2,49.46
SIN-0615,servicios,77.4,3.0,38.13
SIN-0616,manufactura,71.2,3.5,36.18
SIN-0617,manufactura,207.2,2.7,36.28
SIN-0618,servicios,36.6,2.4,17.77
SIN-0619,comercio,107.3,5.8,30.31
SIN-0620,manufactura,195.0,1.6,82.09
SIN-0621,servicios,32.7,2.7,7.42
SIN-0622,comercio,141.5,2.8,33.23
SIN-0623,servicios,45.8,3.4,34.43
SIN-0624,comercio,90.5,2.4,28.52
SIN-0625,servicios,79.9,9.9,40.13
SIN-0626,manufactura,176.6,0.9,67.3
SIN-0627,construccion,65.6,0.8,32.96
SIN-0628,comercio,101.4,3.0,35.0
SIN-0629,manufactura,15.4,2.4,13.19
SIN-0630,agro,56.7,5.6,65.6
SIN-0631,servicios,39.3,1.2,17.63
SIN-0632,comercio,34.5,0.5,26.74
SIN-0633,manufactura,53.3,0.5,56.38
SIN-0634,servicios,46.1,2.0,25.0
SIN-0635,construccion,111.9,3.3,9.42
SIN-0636,servicios,53.9,9.5,8.17
SIN-0637,comercio,121.7,1.0,63.6
SIN-0638,servicios,134.5,5.0,94.18
SIN-0639,comercio,44.6,3.1,18.09
SIN-0640,comercio,268.2,1.4,77.29
SIN-0641,manufactura,43.1,3.6,32.0
SIN-0642,servicios,18.4,4.4,15.68
SIN-0643,agro,214.6,2.1,24.15
SIN-0644,construccion,236.8,3.1,171.75
SIN-0645,comercio,21.7,4.3,19.58
SIN-0646,comercio,38.9,1.2,36.74
SIN-0647,construccion,624.8,0.2,179.82
SIN-0648,manufactura,239.8,8.9,18.47
SIN-0649,manufactura,83.4,8.1,41.13
SIN-0650,servicios,20.8,1.6,12.11
SIN-0651,agro,43.3,10.0,13.44
SIN-0652,servicios,26.3,2.4,4.27
SIN-0653,comercio,46.9,1.5,15.05
SIN-0654,manufactura,60.1,4.3,12.47
SIN-0655,servicios,89.6,3.1,37.1
SIN-0656,manufactura,54.1,2.8,32.5
SIN-0657,construccion,293.9,2.9,35.41
SIN-0658,comercio,1667.1,0.9,190.56
SIN-0659,comercio,69.9,6.8,32.91
SIN-0660,manufactura,168.6,3.5,32.99
SIN-0661,comercio,182.2,4.1,69.18
SIN-0662,construccion,42.7,1.6,34.32
SIN-0663,servicios,127.4,1.5,73.61
SIN-0664,comercio,64.3,3.5,26.91
SIN-0665,construccion,320.2,0.6,118.76
SIN-0666,comercio,94.6,0.6,28.64
SIN-0667,construccion,24.3,2.4,23.33
SIN-0668,servicios,22.2,6.4,8.59
SIN-0669,manufactura,56.4,4.9,49.05
SIN-0670,manufactura,227.0,0.2,32.49
SIN-0671,agro,123.1,3.1,147.42
SIN-0672,manufactura,348.5,1.8,44.21
SIN-0673,comercio,28.2,3.6,16.82
SIN-0674,comercio,195.1,9.2,42.71
SIN-0675,construccion,78.3,1.5,60.02
SIN-0676,construccion,165.9,2.5,42.54
SIN-0677,servicios,67.3,1.2,40.51
SIN-0678,servicios,20.2,2.8,9.04
SIN-0679,servicios,11.7,7.8,13.61
SIN-0680,manufactura,126.2,3.0,83.49
SIN-0681,construccion,177.2,1.2,51.49
SIN-0682,manufactura,93.2,3.5,73.19
SIN-0683,comercio,87.6,11.0,41.89
SIN-0684,manufactura,66.3,6.3,22.4
SIN-0685,comercio,77.3,11.0,19.33
SIN-0686,manufactura,41.4,5.7,32.04
SIN-0687,manufactura,131.1,2.5,80.71
SIN-0688,manufactura,64.2,5.8,23.83
SIN-0689,comercio,123.3,1.0,29.37
SIN-0690,servicios,98.8,3.9,73.6
SIN-0691,manufactura,333.3,1.4,53.54
SIN-0692,manufactura,79.0,3.2,23.41
SIN-0693,servicios,36.0,4.6,9.9
SIN-0694,agro,148.9,0.8,111.57
SIN-0695,comercio,533.5,3.0,140.34
SIN-0696,comercio,85.4,1.6,42.16
SIN-0697,construccion,237.7,1.7,8.34
SIN-0698,manufactura,98.2,4.2,31.81
SIN-0699,agro,32.3,3.9,17.98
SIN-0700,comercio,121.7,2.7,70.36
SIN-0701,construccion,1567.0,5.8,448.81
SIN-0702,manufactura,44.1,2.2,33.28
SIN-0703,construccion,60.1,2.4,7.21
SIN-0704,manufactura,57.7,1.6,42.18
SIN-0705,manufactura,43.0,2.6,41.4
SIN-0706,construccion,71.2,2.8,36.89
SIN-0707,servicios,24.6,4.3,32.56
SIN-0708,manufactura,198.4,3.3,55.39
SIN-0709,servicios,170.4,6.2,45.72
SIN-0710,servicios,32.0,1.8,19.16
SIN-0711,manufactura,296.6,1.6,147.35
SIN-0712,construccion,130.3,4.6,3.54
SIN-0713,comercio,235.3,4.2,123.52
SIN-0714,construccion,56.2,0.7,76.82
SIN-0715,manufactura,72.5,7.1,46.82
SIN-0716,comercio,317.0,2.9,89.38
SIN-0717,construccion,86.6,0.6,10.64
SIN-0718,comercio,88.6,4.0,66.94
SIN-0719,servicios,230.0,1.5,56.29
SIN-0720,construccion,27.2,4.0,34.64
SIN-0721,comercio,59.2,2.0,26.48
SIN-0722,manufactura,36.7,2.6,29.29
SIN-0723,agro,68.9,1.6,24.4
SIN-0724,agro,90.8,3.0,134.62
SIN-0725,construccion,19.0,0.7,5.93
SIN-0726,manufactura,114.1,5.9,75.01
SIN-0727,manufactura,36.3,6.6,9.98
SIN-0728,manufactura,220.3,6.7,23.71
SIN-0729,manufactura,14.9,2.5,11.95
SIN-0730,agro,33.7,4.0,29.29
SIN-0731,agro,29.2,6.8,19.1
SIN-0732,manufactura,22.7,20.4,14.19
SIN-0733,manufactura,51.2,6.3,21.57
SIN-0734,construccion,56.0,1.1,104.07
SIN-0735,construccion,57.7,10.0,35.85
SIN-0736,construccion,86.5,5.1,80.66
SIN-0737,comercio,19.6,2.7,6.96
SIN-0738,construccion,133.7,2.5,35.46
SIN-0739,manufactura,131.3,4.1,41.85
SIN-0740,agro,16.5,2.0,27.08
SIN-0741,agro,48.4,2.4,10.49
SIN-0742,servicios,730.8,4.1,103.69
SIN-0743,manufactura,125.5,3.6,31.86
SIN-0744,servicios,141.9,9.0,26.48
SIN-0745,comercio,233.9,2.8,41.1
SIN-0746,construccion,15.7,2.8,15.41
SIN-0747,comercio,156.3,3.9,23.95
SIN-0748,servicios,55.8,2.1,65.48
SIN-0749,manufactura,61.8,7.7,36.36
SIN-0750,construccion,91.7,0.6,67.46
SIN-0751,construccion,374.9,1.6,394.01
SIN-0752,manufactura,24.3,5.3,20.09
SIN-0753,comercio,76.1,0.7,34.79
SIN-0754,comercio,74.8,3.9,33.84
SIN-0755,comercio,18.8,6.9,18.12
SIN-0756,manufactura,165.6,3.6,47.25
SIN-0757,comercio,28.5,1.2,8.07
SIN-0758,construccion,247.4,6.7,31.52
SIN-0759,agro,212.7,6.8,34.12
SIN-0760,comercio,364.3,1.8,110.32
SIN-0761,servicios,394.9,4.3,89.23
SIN-0762,servicios,70.9,2.4,50.37
SIN-0763,manufactura,40.9,9.5,18.21
SIN-0764,manufactura,195.1,2.9,62.04
SIN-0765,comercio,231.4,10.8,50.67
SIN-0766,servicios,103.5,4.8,42.92
SIN-0767,servicios,35.3,0.6,19.39
SIN-0768,agro,111.2,1.9,79.52
SIN-0769,manufactura,85.1,7.4,23.72
SIN-0770,comercio,48.1,3.7,15.41
SIN-0771,manufactura,219.2,0.0,96.57
SIN-0772,manufactura,68.1,1.8,20.45
SIN-0773,servicios,40.7,6.2,12.9
SIN-0774,agro,54.6,3.8,76.55
SIN-0775,servicios,63.3,9.2,27.93
SIN-0776,comercio,120.3,3.2,17.82
SIN-0777,agro,220.0,4.4,66.44
SIN-0778,comercio,162.7,8.4,35.56
SIN-0779,agro,20.1,1.0,10.1
SIN-0780,servicios,370.5,4.1,41.36
SIN-0781,manufactura,68.6,5.1,28.49
SIN-0782,comercio,94.8,3.9,32.12
SIN-0783,servicios,78.3,5.1,11.03
SIN-0784,comercio,34.0,3.1,16.6
SIN-0785,comercio,18.2,2.9,10.2
SIN-0786,comercio,233.4,8.0,38.64
SIN-0787,agro,98.4,2.4,60.32
SIN-0788,comercio,142.0,10.3,42.02
SIN-0789,manufactura,406.3,6.5,36.97
SIN-0790,comercio,43.2,3.4,20.86
SIN-0791,agro,119.1,1.5,13.26
SIN-0792,servicios,206.1,2.1,60.74
SIN-0793,comercio,172.8,6.8,21.19
SIN-0794,comercio,48.6,7.2,26.35
SIN-0795,manufactura,268.9,0.9,115.55
SIN-0796,servicios,235.5,6.3,55.84
SIN-0797,construccion,45.9,7.8,21.82
SIN-0798,manufactura,119.9,2.2,17.37
SIN-0799,manufactura,515.5,0.4,82.23
SIN-0800,servicios,23.6,5.4,10.9
SIN-0801,servicios,491.9,8.1,82.71
SIN-0802,construccion,103.7,0.8,46.73
SIN-0803,comercio,171.8,1.9,26.13
SIN-0804,servicios,51.9,2.3,14.71
SIN-0805,comercio,72.2,3.2,21.08
SIN-0806,agro,114.5,1.9,45.36
SIN-0807,comercio,158.1,4.5,33.5
SIN-0808,agro,60.4,4.3,42.99
SIN-0809,servicios,173.4,6.0,60.22
SIN-0810,servicios,52.0,1.9,58.1
SIN-0811,comercio,349.7,3.9,28.9
SIN-0812,manufactura,34.4,1.7,34.52
SIN-0813,servicios,90.6,6.2,39.65
SIN-0814,comercio,142.7,5.1,49.63
SIN-0815,construccion,186.7,1.9,41.34
SIN-0816,agro,345.2,6.9,116.11
SIN-0817,construccion,34.5,0.5,67.11
SIN-0818,comercio,186.4,0.5,29.1
SIN-0819,agro,203.9,0.8,41.13
SIN-0820,manufactura,428.6,5.6,118.09
SIN-0821,comercio,32.8,3.4,16.18
SIN-0822,comercio,60.9,4.7,22.41
SIN-0823,comercio,97.1,3.0,52.78
SIN-0824,comercio,135.7,7.6,43.33
SIN-0825,comercio,263.4,5.0,90.41
SIN-0826,construccion,81.0,0.3,44.0
SIN-0827,construccion,77.1,0.9,69.19
SIN-0828,manufactura,64.6,2.0,32.45
SIN-0829,manufactura,65.5,3.7,43.61
SIN-0830,agro,49.6,3.6,23.47
SIN-0831,manufactura,32.0,1.2,18.38
SIN-0832,construccion,99.7,3.1,50.21
SIN-0833,comercio,56.6,3.6,15.77
SIN-0834,comercio,48.6,1.5,32.18
SIN-0835,agro,263.1,2.8,72.47
SIN-0836,construccion,205.9,3.9,98.89
SIN-0837,manufactura,1056.9,4.7,104.25
SIN-0838,construccion,72.9,4.2,67.54
SIN-0839,comercio,77.4,2.7,46.38
SIN-0840,comercio,25.0,1.5,13.44
SIN-0841,servicios,150.2,5.5,56.21
SIN-0842,construccion,25.0,8.6,64.48
SIN-0843,servicios,56.7,5.2,25.94
SIN-0844,manufactura,53.6,3.3,20.37
SIN-0845,comercio,253.8,5.5,59.01
SIN-0846,comercio,115.1,4.7,47.12
SIN-0847,manufactura,96.4,7.2,40.56
SIN-0848,comercio,55.1,10.1,29.43
SIN-0849,manufactura,32.9,1.7,38.75
SIN-0850,comercio,174.7,2.2,35.65
SIN-0851,comercio,120.3,8.6,33.81
SIN-0852,comercio,70.3,12.5,24.68
SIN-0853,agro,40.0,1.3,13.23
SIN-0854,servicios,75.7,5.7,32.85
SIN-0855,manufactura,206.0,2.8,67.62
SIN-0856,comercio,1224.2,0.9,105.62
SIN-0857,comercio,249.0,5.2,44.93
SIN-0858,construccion,403.9,2.0,86.03
SIN-0859,construccion,31.6,1.2,52.46
SIN-0860,manufactura,25.7,3.5,6.88
SIN-0861,manufactura,54.1,3.1,43.96
SIN-0862,servicios,56.5,2.1,10.36
SIN-0863,agro,222.3,2.6,38.06
SIN-0864,manufactura,152.5,1.9,50.48
SIN-0865,manufactura,148.1,4.0,37.96
SIN-0866,agro,161.6,3.5,28.85
SIN-0867,manufactura,49.8,8.2,13.55
SIN-0868,servicios,91.8,3.8,14.54
SIN-0869,agro,54.9,1.9,67.71
SIN-0870,servicios,30.6,7.1,26.0
SIN-0871,construccion,55.8,4.2,24.9
SIN-0872,comercio,21.2,3.5,18.98
SIN-0873,construccion,111.7,6.1,75.4
SIN-0874,manufactura,82.7,4.3,33.12
SIN-0875,manufactura,217.6,1.2,74.92
SIN-0876,servicios,39.2,2.0,42.21
SIN-0877,servicios,39.9,4.5,19.5
SIN-0878,manufactura,16.1,5.5,18.36
SIN-0879,construccion,79.4,7.3,53.34
SIN-0880,comercio,94.5,3.4,12.93
SIN-0881,comercio,112.1,10.3,21.69
SIN-0882,agro,82.7,5.9,28.46
SIN-0883,servicios,100.9,4.6,52.11
SIN-0884,manufactura,21.7,3.4,10.24
SIN-0885,construccion,36.2,4.9,6.37
SIN-0886,construccion,14.9,4.4,8.98
SIN-0887,manufactura,78.5,1.8,40.21
SIN-0888,manufactura,80.3,2.0,9.2
SIN-0889,manufactura,107.8,3.5,37.48
SIN-0890,manufactura,72.0,1.0,78.6
SIN-0891,comercio,103.4,4.7,30.72
SIN-0892,manufactura,62.9,3.8,12.51
SIN-0893,agro,93.4,3.4,45.89
SIN-0894,comercio,127.0,6.9,46.51
SIN-0895,manufactura,61.2,1.1,21.53
SIN-0896,manufactura,166.6,3.4,57.15
SIN-0897,servicios,608.7,2.3,155.73
SIN-0898,comercio,58.0,1.6,35.19
SIN-0899,servicios,89.8,1.4,16.86
SIN-0900,comercio,76.7,1.8,60.03
SIN-0901,agro,22.5,3.2,12.31
SIN-0902,servicios,107.6,2.3,16.59
SIN-0903,manufactura,78.8,2.8,37.3
SIN-0904,construccion,136.4,6.8,100.79
SIN-0905,comercio,34.3,6.0,9.09
SIN-0906,comercio,6.4,5.2,9.09
SIN-0907,manufactura,122.2,7.9,44.77
SIN-0908,servicios,27.2,6.6,14.88
SIN-0909,manufactura,127.5,7.4,45.31
SIN-0910,manufactura,61.3,1.0,17.17
SIN-0911,servicios,122.0,3.2,77.81
SIN-0912,construccion,82.3,0.7,76.61
SIN-0913,comercio,41.1,4.5,28.27
SIN-0914,construccion,14.8,2.2,12.47
SIN-0915,manufactura,24.5,2.3,28.37
SIN-0916,manufactura,97.7,4.3,22.98
SIN-0917,comercio,19.0,4.9,7.3
SIN-0918,comercio,246.7,4.3,75.33
SIN-0919,comercio,207.9,4.5,36.77
SIN-0920,construccion,128.2,5.0,23.59
SIN-0921,construccion,19.9,1.9,61.74
SIN-0922,construccion,232.8,6.7,24.84
SIN-0923,comercio,128.9,2.1,36.27
SIN-0924,manufactura,68.2,2.1,22.6
SIN-0925,comercio,83.4,2.9,47.46
SIN-0926,comercio,4.2,3.2,6.76
SIN-0927,comercio,58.7,5.2,27.17
SIN-0928,manufactura,26.0,4.3,9.59
SIN-0929,construccion,74.3,2.8,106.77
SIN-0930,manufactura,82.9,8.4,33.29
SIN-0931,comercio,180.0,6.1,27.36
SIN-0932,manufactura,127.1,4.1,74.64
SIN-0933,agro,40.4,6.8,30.3
SIN-0934,manufactura,72.6,1.7,13.7
SIN-0935,comercio,87.6,0.8,13.46
SIN-0936,manufactura,54.0,2.1,27.74
SIN-0937,manufactura,141.7,0.6,33.9
SIN-0938,manufactura,34.4,7.5,15.13
SIN-0939,manufactura,112.9,0.9,42.63
SIN-0940,agro,46.6,7.4,11.8
SIN-0941,comercio,132.0,1.6,28.57
SIN-0942,comercio,217.1,2.0,71.02
SIN-0943,construccion,93.8,7.3,39.38
SIN-0944,servicios,231.7,1.8,56.24
SIN-0945,construccion,197.0,4.4,13.63
SIN-0946,manufactura,31.7,1.5,14.37
SIN-0947,comercio,149.8,2.4,62.32
SIN-0948,manufactura,76.6,7.5,82.01
SIN-0949,servicios,55.3,1.6,8.4
SIN-0950,servicios,16.9,3.1,8.97
SIN-0951,comercio,33.6,2.8,13.02
SIN-0952,comercio,32.1,7.0,19.64
SIN-0953,comercio,71.9,2.1,34.18
SIN-0954,comercio,245.4,2.3,58.54
SIN-0955,servicios,171.4,11.2,34.75
SIN-0956,construccion,148.7,5.7,8.08
SIN-0957,servicios,26.0,2.7,6.89
SIN-0958,agro,217.7,5.7,90.26
SIN-0959,comercio,81.3,0.6,17.29
SIN-0960,manufactura,96.1,1.6,32.08
SIN-0961,comercio,56.9,6.2,18.66
SIN-0962,manufactura,43.9,1.1,17.61
SIN-0963,construccion,63.9,2.1,47.22
SIN-0964,construccion,119.3,9.6,64.24
SIN-0965,comercio,154.1,3.3,30.13
SIN-0966,agro,88.4,1.2,54.77
SIN-0967,comercio,83.4,1.5,22.87
SIN-0968,manufactura,1567.3,4.6,230.0
SIN-0969,agro,112.6,2.6,45.61
SIN-0970,comercio,11.3,3.0,10.83
SIN-0971,manufactura,204.0,8.7,88.94
SIN-0972,comercio,48.9,1.5,23.35
SIN-0973,servicios,47.3,0.3,12.43
SIN-0974,comercio,124.6,1.5,27.3
SIN-0975,servicios,41.1,4.5,10.28
SIN-0976,servicios,21.8,4.3,8.75
SIN-0977,comercio,51.8,10.7,16.95
SIN-0978,servicios,26.9,3.1,18.77
SIN-0979,construccion,275.6,4.6,77.01
SIN-0980,comercio,186.6,5.6,38.9
SIN-0981,comercio,101.4,6.1,34.28
SIN-0982,construccion,97.5,7.7,9.38
SIN-0983,construccion,59.8,1.2,15.36
SIN-0984,servicios,118.6,0.8,30.97
SIN-0985,comercio,414.1,3.6,28.77
SIN-0986,comercio,85.8,3.1,30.97
SIN-0987,manufactura,402.2,0.5,73.93
SIN-0988,construccion,89.9,3.2,94.1
SIN-0989,servicios,24.1,8.4,11.29
SIN-0990,servicios,81.5,4.2,30.52
SIN-0991,comercio,46.6,3.0,33.13
SIN-0992,comercio,137.4,0.6,78.74
SIN-0993,servicios,32.6,2.8,25.62
SIN-0994,manufactura,33.8,2.9,17.87
SIN-0995,construccion,61.3,6.5,10.99
SIN-0996,servicios,33.3,1.7,15.15
SIN-0997,construccion,88.0,4.7,1.71
SIN-0998,servicios,270.5,4.1,53.0
SIN-0999,manufactura,52.4,6.9,10.92
SIN-1000,manufactura,194.0,6.1,64.8
SIN-1001,comercio,92.8,4.5,38.73
SIN-1002,construccion,118.8,6.5,8.97
SIN-1003,servicios,252.3,4.6,43.97
SIN-1004,manufactura,101.1,1.9,36.17
SIN-1005,servicios,123.8,2.0,43.1
SIN-1006,servicios,1146.7,5.1,189.83
SIN-1007,construccion,37.6,3.4,24.36
SIN-1008,servicios,48.6,4.1,10.97
SIN-1009,servicios,404.9,2.1,119.83
SIN-1010,manufactura,50.5,3.5,21.39
SIN-1011,servicios,101.4,0.8,28.31
SIN-1012,manufactura,28.2,0.5,20.65
SIN-1013,comercio,46.2,0.7,27.48
SIN-1014,comercio,72.6,4.1,32.06
SIN-1015,servicios,158.0,1.0,101.18
SIN-1016,construccion,269.2,1.1,158.72
SIN-1017,comercio,15.9,8.9,7.41
SIN-1018,comercio,102.2,2.1,24.42
SIN-1019,manufactura,53.4,1.5,14.25
SIN-1020,construccion,197.0,0.4,66.5
SIN-1021,construccion,85.8,3.2,11.41
SIN-1022,comercio,35.1,5.7,10.64
SIN-1023,agro,131.7,7.0,38.15
SIN-1024,agro,28.2,1.2,14.53
SIN-1025,construccion,61.8,1.3,3.34
SIN-1026,servicios,55.3,1.8,16.43
SIN-1027,comercio,319.7,3.5,71.91
SIN-1028,servicios,25.0,0.6,19.68
SIN-1029,comercio,104.1,9.2,34.13
SIN-1030,construccion,188.8,4.1,14.35
SIN-1031,servicios,99.8,3.3,63.0
SIN-1032,agro,153.3,3.9,67.45
SIN-1033,comercio,357.5,0.8,78.04
SIN-1034,comercio,70.0,3.4,30.22
SIN-1035,agro,55.2,2.8,8.66
SIN-1036,agro,199.5,2.3,67.8
SIN-1037,comercio,63.5,1.8,41.58
SIN-1038,construccion,81.7,2.2,16.96
SIN-1039,manufactura,49.2,0.9,31.47
SIN-1040,manufactura,79.5,2.4,32.9
SIN-1041,comercio,50.9,0.1,16.52
SIN-1042,construccion,35.0,0.9,45.97
SIN-1043,comercio,51.9,4.7,26.39
SIN-1044,agro,154.0,3.5,41.36
SIN-1045,comercio,50.7,6.7,18.01
SIN-1046,construccion,116.1,0.9,147.74
SIN-1047,comercio,22.6,0.9,17.12
SIN-1048,agro,27.7,4.1,17.22
SIN-1049,agro,97.8,1.0,44.41
SIN-1050,manufactura,43.5,2.3,32.66
SIN-1051,manufactura,63.0,8.0,34.45
SIN-1052,manufactura,1667.4,7.2,84.87
SIN-1053,comercio,101.6,12.2,33.86
SIN-1054,comercio,151.6,3.5,40.66
SIN-1055,construccion,158.8,11.5,21.74
SIN-1056,servicios,145.9,3.6,40.94
SIN-1057,construccion,36.4,3.0,29.78
SIN-1058,manufactura,74.8,10.7,25.63
SIN-1059,manufactura,383.8,6.6,96.23
SIN-1060,servicios,86.6,1.6,21.87
SIN-1061,manufactura,48.8,2.4,35.53
SIN-1062,construccion,55.4,4.9,10.01
SIN-1063,manufactura,179.5,0.7,45.21
SIN-1064,servicios,39.4,2.0,16.04
SIN-1065,construccion,17.4,1.6,77.59
SIN-1066,servicios,93.3,1.9,39.72
SIN-1067,servicios,105.5,2.3,26.69
SIN-1068,servicios,157.9,8.0,55.92
SIN-1069,manufactura,286.9,5.7,39.52
SIN-1070,manufactura,115.7,7.0,45.95
SIN-1071,construccion,156.9,7.4,16.89
SIN-1072,construccion,199.3,11.5,40.44
SIN-1073,comercio,131.1,3.9,65.62
SIN-1074,comercio,89.3,1.5,32.0
SIN-1075,comercio,121.6,1.1,71.42
SIN-1076,comercio,137.4,10.2,31.12
SIN-1077,manufactura,134.2,11.0,19.09
SIN-1078,comercio,36.6,0.5,20.53
SIN-1079,manufactura,90.5,14.7,19.0
SIN-1080,servicios,480.6,1.2,130.02
SIN-1081,comercio,246.9,2.6,48.4
SIN-1082,construccion,68.5,5.7,71.44
SIN-1083,servicios,33.7,2.7,21.45
SIN-1084,comercio,59.1,4.7,36.79
SIN-1085,manufactura,390.7,7.7,107.64
SIN-1086,servicios,115.0,10.6,54.95
SIN-1087,servicios,268.0,1.3,98.47
SIN-1088,comercio,121.2,4.1,50.98
SIN-1089,servicios,284.1,2.6,83.46
SIN-1090,agro,137.4,8.8,31.81
SIN-1091,servicios,227.4,4.3,61.57
SIN-1092,construccion,77.8,1.1,56.8
SIN-1093,construccion,581.0,5.7,424.58
SIN-1094,construccion,35.6,2.3,10.75
SIN-1095,comercio,235.3,6.6,44.56
SIN-1096,servicios,34.0,6.9,14.46
SIN-1097,servicios,65.9,3.8,23.75
SIN-1098,servicios,62.0,3.5,43.6
SIN-1099,manufactura,107.5,4.5,40.36
SIN-1100,manufactura,42.5,5.7,22.89
SIN-1101,comercio,103.4,1.3,44.59
SIN-1102,manufactura,259.7,6.6,26.99
SIN-1103,agro,134.5,2.1,45.86
SIN-1104,manufactura,65.0,0.9,39.54
SIN-1105,comercio,52.2,0.9,36.58
SIN-1106,servicios,70.2,1.4,27.78
SIN-1107,comercio,436.5,6.9,100.43
SIN-1108,construccion,299.5,5.2,229.38
SIN-1109,construccion,46.0,0.3,18.74
SIN-1110,servicios,109.6,5.6,61.35
SIN-1111,manufactura,129.1,4.3,41.77
SIN-1112,comercio,305.8,9.1,27.76
SIN-1113,comercio,320.1,4.2,38.57
SIN-1114,manufactura,56.1,4.9,35.17
SIN-1115,manufactura,13.0,4.1,4.07
SIN-1116,manufactura,109.0,5.6,57.56
SIN-1117,construccion,220.2,3.4,250.25
SIN-1118,agro,58.5,4.3,89.34
SIN-1119,comercio,173.7,5.9,81.23
SIN-1120,construccion,50.6,5.3,26.66
SIN-1121,comercio,183.5,0.6,39.17
SIN-1122,servicios,51.4,7.7,22.1
SIN-1123,agro,303.2,1.8,132.36
SIN-1124,comercio,63.2,5.4,34.2
SIN-1125,servicios,15.4,4.5,24.54
SIN-1126,comercio,105.3,1.8,38.09
SIN-1127,manufactura,112.5,2.6,43.23
SIN-1128,construccion,149.3,1.5,35.02
SIN-1129,servicios,76.5,0.6,30.18
SIN-1130,comercio,477.3,4.7,60.0
SIN-1131,comercio,18.2,6.7,14.42
SIN-1132,comercio,135.4,6.7,30.24
SIN-1133,construccion,292.4,1.4,48.08
SIN-1134,agro,102.4,0.8,17.6
SIN-1135,construccion,38.5,1.1,26.73
SIN-1136,construccion,231.8,3.0,198.28
SIN-1137,manufactura,45.0,1.0,30.31
SIN-1138,comercio,98.0,6.7,36.58
SIN-1139,manufactura,16.7,0.3,9.5
SIN-1140,comercio,131.5,1.4,79.38
SIN-1141,comercio,95.8,3.3,42.58
SIN-1142,servicios,130.9,1.7,36.46
SIN-1143,manufactura,171.7,0.2,31.97
SIN-1144,manufactura,120.2,2.3,44.21
SIN-1145,construccion,99.4,7.4,182.07
SIN-1146,servicios,50.5,9.7,26.87
SIN-1147,agro,56.2,3.1,17.11
SIN-1148,comercio,87.7,9.8,35.14
SIN-1149,construccion,85.7,2.2,70.59
SIN-1150,manufactura,76.2,6.6,21.75
SIN-1151,comercio,180.0,2.9,45.64
SIN-1152,construccion,44.6,5.1,34.35
SIN-1153,comercio,22.3,6.8,12.73
SIN-1154,manufactura,127.3,2.3,52.72
SIN-1155,comercio,134.4,3.3,79.23
SIN-1156,manufactura,125.6,1.0,20.91
SIN-1157,agro,64.2,2.9,2.09
SIN-1158,manufactura,335.9,7.5,107.41
SIN-1159,construccion,132.7,1.9,35.23
SIN-1160,comercio,90.8,0.9,30.92
SIN-1161,comercio,322.9,2.5,58.85
SIN-1162,comercio,41.2,1.8,22.99
SIN-1163,comercio,193.8,2.4,45.56
SIN-1164,comercio,14.8,3.8,7.89
SIN-1165,manufactura,71.9,4.4,32.97
SIN-1166,comercio,186.1,1.4,32.57
SIN-1167,comercio,55.8,3.0,17.12
SIN-1168,construccion,168.8,7.2,96.83
SIN-1169,servicios,68.7,0.7,60.01
SIN-1170,agro,106.6,9.9,66.0
SIN-1171,comercio,15.9,4.2,11.49
SIN-1172,manufactura,81.6,3.6,23.43
SIN-1173,agro,15.7,6.4,6.42
SIN-1174,manufactura,88.5,5.4,46.8
SIN-1175,servicios,109.9,6.2,51.25
SIN-1176,construccion,75.5,5.6,81.65
SIN-1177,manufactura,139.4,4.6,19.18
SIN-1178,manufactura,29.9,1.7,8.85
SIN-1179,agro,261.3,3.2,84.69
SIN-1180,manufactura,130.1,2.3,34.73
SIN-1181,comercio,99.2,4.5,35.47
SIN-1182,manufactura,87.1,1.2,40.15
SIN-1183,manufactura,289.5,2.2,122.56
SIN-1184,manufactura,373.8,2.6,48.17
SIN-1185,construccion,261.9,1.6,83.2
SIN-1186,construccion,133.6,10.7,37.2
SIN-1187,comercio,159.3,2.0,26.71
SIN-1188,manufactura,204.4,2.0,38.88
SIN-1189,servicios,240.7,3.0,31.55
SIN-1190,comercio,58.1,2.9,14.73
SIN-1191,manufactura,90.2,2.4,59.21
SIN-1192,servicios,290.5,9.7,70.11
SIN-1193,comercio,409.4,2.5,71.06
SIN-1194,comercio,138.0,0.9,53.08
SIN-1195,comercio,29.3,1.8,16.8
SIN-1196,construccion,166.2,6.0,24.15
SIN-1197,servicios,62.2,7.1,15.67
SIN-1198,comercio,200.2,4.8,58.68
SIN-1199,agro,193.5,3.1,107.22
SIN-1200,comercio,41.1,2.7,23.17
SIN-1201,agro,145.5,5.8,52.74
SIN-1202,agro,102.9,10.6,63.49
SIN-1203,servicios,119.8,6.4,51.8
SIN-1204,construccion,57.1,3.3,52.71
SIN-1205,servicios,26.7,0.6,17.03
SIN-1206,agro,89.1,5.1,10.56
SIN-1207,agro,200.8,1.3,102.28
SIN-1208,servicios,152.7,1.9,22.07
SIN-1209,comercio,50.7,2.4,10.15
SIN-1210,comercio,42.1,5.0,26.05
SIN-1211,comercio,40.2,0.5,35.51
SIN-1212,manufactura,88.8,4.8,16.81
SIN-1213,manufactura,61.1,6.5,28.8
SIN-1214,manufactura,54.5,4.2,33.22
SIN-1215,manufactura,58.6,5.3,24.62
SIN-1216,comercio,33.5,1.4,12.13
SIN-1217,comercio,87.6,4.9,23.2
SIN-1218,comercio,119.2,3.5,22.91
SIN-1219,comercio,88.2,3.5,19.89
SIN-1220,servicios,39.3,1.2,34.31
SIN-1221,servicios,100.0,1.4,44.55
SIN-1222,comercio,129.8,1.9,34.5
SIN-1223,comercio,34.4,4.4,14.29
SIN-1224,comercio,90.8,0.1,34.83
SIN-1225,construccion,22.8,5.8,29.11
SIN-1226,agro,93.2,5.7,7.94
SIN-1227,comercio,142.3,3.1,20.71
SIN-1228,comercio,149.2,6.4,35.17
SIN-1229,comercio,160.3,8.1,40.47
SIN-1230,comercio,178.8,2.5,31.44
SIN-1231,comercio,342.3,7.9,47.34
SIN-1232,comercio,30.1,3.7,14.9
SIN-1233,servicios,30.2,4.0,15.88
SIN-1234,construccion,41.5,5.9,99.35
SIN-1235,manufactura,77.8,2.9,22.63
SIN-1236,comercio,178.2,2.0,63.53
SIN-1237,comercio,46.3,6.6,10.6
SIN-1238,agro,82.9,5.8,21.78
SIN-1239,agro,64.2,2.5,38.64
SIN-1240,comercio,102.7,2.3,34.14
SIN-1241,manufactura,164.2,6.2,50.63
SIN-1242,manufactura,119.5,3.2,56.6
SIN-1243,servicios,180.3,4.2,19.35
SIN-1244,construccion,127.7,0.9,169.79
SIN-1245,manufactura,39.8,7.8,27.95
SIN-1246,manufactura,255.0,0.9,56.12
SIN-1247,comercio,787.6,2.6,102.62
SIN-1248,agro,60.6,5.3,68.65
SIN-1249,comercio,388.0,3.2,62.4
SIN-1250,construccion,346.4,3.5,38.08
SIN-1251,comercio,59.8,0.0,16.35
SIN-1252,comercio,127.1,1.1,60.27
SIN-1253,manufactura,188.9,1.2,44.65
SIN-1254,comercio,154.5,5.5,72.29
SIN-1255,manufactura,50.2,5.5,27.96
SIN-1256,agro,61.0,8.5,14.38
SIN-1257,construccion,93.8,0.4,61.01
SIN-1258,comercio,59.5,0.2,27.45
SIN-1259,agro,52.5,6.9,22.83
SIN-1260,agro,128.0,1.4,92.37
SIN-1261,servicios,182.8,4.4,20.91
SIN-1262,manufactura,191.2,3.0,65.92
SIN-1263,construccion,110.5,5.4,37.95
SIN-1264,servicios,24.0,1.9,16.23
SIN-1265,comercio,149.6,3.7,29.68
SIN-1266,comercio,53.2,0.9,19.61
SIN-1267,comercio,15.6,3.9,17.96
SIN-1268,servicios,163.2,2.4,79.38
SIN-1269,construccion,12.4,1.2,14.98
SIN-1270,comercio,128.0,2.2,50.03
SIN-1271,comercio,213.0,4.8,34.17
SIN-1272,manufactura,372.4,6.3,71.34
SIN-1273,comercio,187.3,2.9,51.01
SIN-1274,comercio,43.2,5.5,18.86
SIN-1275,manufactura,102.4,2.1,48.21
SIN-1276,servicios,358.9,0.2,46.34
SIN-1277,comercio,29.4,6.7,5.01
SIN-1278,servicios,43.6,6.0,17.52
SIN-1279,comercio,98.3,1.1,28.51
SIN-1280,servicios,60.9,5.3,30.87
SIN-1281,construccion,300.0,5.7,9.98
SIN-1282,construccion,68.4,1.5,32.25
SIN-1283,construccion,28.3,1.8,24.14
SIN-1284,comercio,63.1,2.2,20.2
SIN-1285,manufactura,28.3,2.6,28.14
SIN-1286,comercio,503.5,8.5,155.03
SIN-1287,comercio,114.5,0.4,62.13
SIN-1288,construccion,197.3,6.6,40.89
SIN-1289,servicios,35.3,1.9,16.23
SIN-1290,manufactura,113.6,4.9,64.62
SIN-1291,servicios,75.5,1.4,34.98
SIN-1292,agro,55.3,1.0,20.23
SIN-1293,comercio,15.6,1.5,10.82
SIN-1294,comercio,65.7,5.1,21.37
SIN-1295,servicios,192.3,2.9,42.31
SIN-1296,comercio,67.2,3.0,33.92
SIN-1297,manufactura,552.9,4.4,77.67
SIN-1298,manufactura,49.8,1.8,22.76
SIN-1299,construccion,75.8,4.9,28.28
SIN-1300,manufactura,27.4,3.0,17.54
SIN-1301,servicios,29.5,1.0,10.73
SIN-1302,manufactura,211.1,4.8,60.65
SIN-1303,construccion,107.5,4.1,19.79
SIN-1304,comercio,111.7,1.1,14.61
SIN-1305,comercio,113.2,3.6,41.31
SIN-1306,manufactura,169.1,6.8,63.27
SIN-1307,comercio,125.8,12.2,29.92
SIN-1308,comercio,54.7,4.9,24.8
SIN-1309,comercio,413.2,1.2,58.91
SIN-1310,manufactura,169.5,6.5,42.27
SIN-1311,comercio,53.7,1.9,41.39
SIN-1312,agro,74.0,2.1,43.86
SIN-1313,manufactura,101.4,7.4,30.97
SIN-1314,manufactura,213.3,9.6,53.85
SIN-1315,servicios,159.5,2.4,102.12
SIN-1316,comercio,228.3,4.0,51.23
SIN-1317,comercio,222.3,5.2,35.16
SIN-1318,servicios,146.3,7.3,51.38
SIN-1319,construccion,39.0,9.5,8.4
SIN-1320,manufactura,123.2,15.1,16.66
SIN-1321,servicios,182.4,6.7,70.75
SIN-1322,comercio,74.8,4.4,27.84
SIN-1323,servicios,55.7,4.1,30.12
SIN-1324,servicios,130.2,2.2,64.54
SIN-1325,manufactura,51.4,2.8,37.45
SIN-1326,construccion,92.8,6.5,61.51
SIN-1327,servicios,111.9,2.2,43.24
SIN-1328,comercio,66.3,4.3,25.75
SIN-1329,manufactura,14.9,6.4,4.2
SIN-1330,manufactura,108.1,1.7,26.6
SIN-1331,servicios,213.0,3.3,32.72
SIN-1332,manufactura,106.3,2.6,56.73
SIN-1333,comercio,138.4,4.9,53.1
SIN-1334,comercio,187.4,6.5,45.77
SIN-1335,comercio,86.5,0.9,18.43
SIN-1336,manufactura,57.2,5.2,44.73
SIN-1337,manufactura,118.5,1.8,31.64
SIN-1338,manufactura,70.8,0.6,24.75
SIN-1339,comercio,38.5,6.1,14.09
SIN-1340,manufactura,140.5,14.7,44.56
SIN-1341,agro,233.0,4.0,60.8
SIN-1342,manufactura,95.2,1.3,31.49
SIN-1343,comercio,36.3,3.3,25.66
SIN-1344,comercio,86.1,3.8,30.06
SIN-1345,manufactura,73.7,7.2,23.85
SIN-1346,servicios,62.8,4.4,19.37
SIN-1347,comercio,30.2,5.0,11.09
SIN-1348,comercio,19.1,1.8,2.84
SIN-1349,comercio,14.2,0.7,19.68
SIN-1350,manufactura,115.8,2.1,59.44
SIN-1351,comercio,26.9,1.5,9.69
SIN-1352,manufactura,152.6,3.1,25.25
SIN-1353,manufactura,60.8,5.6,46.57
SIN-1354,servicios,119.7,4.6,37.36
SIN-1355,servicios,539.8,5.9,57.59
SIN-1356,agro,125.1,5.4,28.56
SIN-1357,manufactura,169.6,1.2,90.42
SIN-1358,comercio,573.9,5.7,78.94
SIN-1359,agro,46.9,1.5,33.66
SIN-1360,comercio,200.8,1.1,51.49
SIN-1361,comercio,57.1,1.6,9.96
SIN-1362,manufactura,24.4,2.1,19.43
SIN-1363,comercio,46.7,5.3,18.99
SIN-1364,comercio,52.8,3.2,15.32
SIN-1365,manufactura,21.3,6.9,10.62
SIN-1366,manufactura,33.1,6.5,14.35
SIN-1367,manufactura,41.5,0.5,19.37
SIN-1368,manufactura,103.9,2.8,27.09
SIN-1369,servicios,48.8,1.9,41.13
SIN-1370,construccion,261.3,3.1,32.35
SIN-1371,comercio,194.7,2.1,68.38
SIN-1372,comercio,145.7,5.5,52.87
SIN-1373,manufactura,27.3,1.3,10.38
SIN-1374,comercio,77.3,1.6,17.12
SIN-1375,comercio,29.8,4.6,16.87
SIN-1376,comercio,84.8,8.6,30.79
SIN-1377,comercio,87.2,3.0,26.58
SIN-1378,agro,160.2,1.0,53.33
SIN-1379,comercio,62.7,2.5,36.51
SIN-1380,comercio,128.5,10.3,39.45
SIN-1381,servicios,35.6,3.1,16.84
SIN-1382,construccion,84.5,3.9,130.97
SIN-1383,manufactura,109.4,5.7,22.24
SIN-1384,comercio,144.4,5.6,60.73
SIN-1385,comercio,92.8,4.1,35.51
SIN-1386,servicios,229.7,2.1,46.75
SIN-1387,comercio,64.1,0.8,16.1
SIN-1388,construccion,199.2,0.7,61.89
SIN-1389,manufactura,91.6,0.6,22.96
SIN-1390,manufactura,195.5,2.1,39.31
SIN-1391,servicios,28.8,2.2,11.65
SIN-1392,comercio,37.3,11.4,9.34
SIN-1393,comercio,97.2,5.9,16.37
SIN-1394,construccion,23.1,1.6,11.51
SIN-1395,manufactura,124.4,3.9,91.04
SIN-1396,comercio,46.0,0.8,28.76
SIN-1397,manufactura,68.6,1.1,42.34
SIN-1398,construccion,60.0,4.7,77.9
SIN-1399,construccion,143.6,4.7,120.46
SIN-1400,servicios,100.6,0.1,44.95
SIN-1401,manufactura,27.8,2.4,14.41
SIN-1402,manufactura,141.8,6.2,39.79
SIN-1403,manufactura,472.1,3.6,147.54
SIN-1404,comercio,52.9,3.2,13.16
SIN-1405,manufactura,48.3,7.5,18.97
SIN-1406,comercio,60.2,3.5,37.78
SIN-1407,manufactura,108.1,2.4,9.12
SIN-1408,manufactura,34.1,4.9,14.21
SIN-1409,manufactura,234.2,5.5,87.96
SIN-1410,construccion,34.1,6.9,26.48
SIN-1411,manufactura,155.9,3.3,58.01
SIN-1412,comercio,24.1,1.4,10.72
SIN-1413,manufactura,61.6,0.2,64.96
SIN-1414,construccion,376.9,0.7,62.21
SIN-1415,agro,168.9,2.1,31.2
SIN-1416,servicios,103.9,2.0,38.11
SIN-1417,servicios,27.7,3.3,23.47
SIN-1418,manufactura,49.9,1.9,40.03
SIN-1419,servicios,22.9,3.7,22.28
SIN-1420,servicios,144.4,7.3,18.03
SIN-1421,construccion,240.1,2.8,135.53
SIN-1422,construccion,102.3,5.7,67.1
SIN-1423,comercio,140.8,6.2,36.88
SIN-1424,manufactura,66.4,0.6,36.75
SIN-1425,manufactura,57.8,5.5,22.56
SIN-1426,servicios,145.0,4.5,40.69
SIN-1427,construccion,185.3,4.1,21.89
SIN-1428,servicios,64.0,5.3,15.85
SIN-1429,servicios,17.9,10.3,10.21
SIN-1430,servicios,58.1,1.0,32.99
SIN-1431,comercio,119.5,3.8,35.36
SIN-1432,manufactura,42.0,9.6,16.89
SIN-1433,manufactura,480.1,4.5,33.02
SIN-1434,manufactura,104.3,2.7,29.17
SIN-1435,comercio,149.6,0.9,59.88
SIN-1436,comercio,121.1,3.7,49.27
SIN-1437,servicios,99.8,4.7,41.16
SIN-1438,manufactura,348.8,7.7,116.73
SIN-1439,comercio,23.2,1.6,11.58
SIN-1440,comercio,110.0,2.3,43.77
SIN-1441,comercio,33.2,2.5,12.58
SIN-1442,comercio,22.8,3.9,17.81
SIN-1443,manufactura,31.9,8.5,17.18
SIN-1444,servicios,221.6,0.9,40.15
SIN-1445,comercio,66.5,3.1,57.92
SIN-1446,comercio,112.3,5.8,52.9
SIN-1447,manufactura,126.4,6.8,59.11
SIN-1448,manufactura,356.3,7.3,116.3
SIN-1449,agro,193.4,5.5,37.98
SIN-1450,construccion,277.7,0.4,123.04
SIN-1451,manufactura,235.8,3.6,39.67
SIN-1452,comercio,150.7,4.8,27.63
SIN-1453,manufactura,29.1,5.7,19.95
SIN-1454,manufactura,15.7,3.1,12.98
SIN-1455,comercio,188.4,2.8,66.12
SIN-1456,construccion,669.1,2.8,246.04
SIN-1457,comercio,52.7,1.6,20.95
SIN-1458,servicios,660.0,0.7,131.9
SIN-1459,servicios,139.3,2.6,41.33
SIN-1460,comercio,20.3,6.8,12.71
SIN-1461,servicios,206.1,5.0,75.23
SIN-1462,construccion,164.4,3.0,172.44
SIN-1463,construccion,103.4,3.2,109.6
SIN-1464,servicios,44.2,3.0,34.52
SIN-1465,comercio,46.2,2.9,22.07
SIN-1466,servicios,39.1,4.3,15.48
SIN-1467,comercio,4.5,1.6,3.9
SIN-1468,servicios,137.2,2.7,22.01
SIN-1469,comercio,44.9,4.0,20.38
SIN-1470,comercio,278.8,7.2,49.09
SIN-1471,construccion,100.4,2.4,33.98
SIN-1472,comercio,52.4,5.1,22.27
SIN-1473,agro,78.4,4.5,32.94
SIN-1474,agro,202.0,2.0,51.27
SIN-1475,servicios,29.2,3.1,12.45
SIN-1476,servicios,36.2,9.9,12.49
SIN-1477,construccion,206.5,5.1,4.25
SIN-1478,manufactura,299.3,2.9,51.83
SIN-1479,construccion,62.3,6.4,52.18
SIN-1480,servicios,264.0,5.3,38.86
SIN-1481,servicios,123.3,5.1,73.3
SIN-1482,agro,66.8,2.4,15.15
SIN-1483,manufactura,20.2,2.7,8.64
SIN-1484,servicios,248.8,4.1,83.47
SIN-1485,manufactura,54.3,3.0,32.65
SIN-1486,construccion,231.9,4.2,30.34
SIN-1487,manufactura,139.7,7.7,36.02
SIN-1488,servicios,121.9,2.6,39.68
SIN-1489,comercio,87.6,2.6,42.29
SIN-1490,construccion,173.9,4.0,19.35
SIN-1491,manufactura,95.3,0.3,31.72
SIN-1492,construccion,116.4,0.8,36.68
SIN-1493,comercio,176.7,6.4,24.12
SIN-1494,agro,327.2,7.7,67.03
SIN-1495,comercio,61.1,1.7,17.31
SIN-1496,construccion,177.8,3.5,124.06
SIN-1497,comercio,16.0,3.0,5.48
SIN-1498,agro,204.9,6.0,45.51
SIN-1499,servicios,159.2,2.7,68.48
SIN-1500,construccion,28.9,2.9,24.82
